-- MySQL dump 10.13  Distrib 5.7.19, for Linux (x86_64)
--
-- Host: localhost    Database: suply_dev
-- ------------------------------------------------------
-- Server version	5.7.19

/*!40101 SET @OLD_CHARACTER_SET_CLIENT=@@CHARACTER_SET_CLIENT */;
/*!40101 SET @OLD_CHARACTER_SET_RESULTS=@@CHARACTER_SET_RESULTS */;
/*!40101 SET @OLD_COLLATION_CONNECTION=@@COLLATION_CONNECTION */;
/*!40101 SET NAMES utf8 */;
/*!40103 SET @OLD_TIME_ZONE=@@TIME_ZONE */;
/*!40103 SET TIME_ZONE='+00:00' */;
/*!40014 SET @OLD_UNIQUE_CHECKS=@@UNIQUE_CHECKS, UNIQUE_CHECKS=0 */;
/*!40014 SET @OLD_FOREIGN_KEY_CHECKS=@@FOREIGN_KEY_CHECKS, FOREIGN_KEY_CHECKS=0 */;
/*!40101 SET @OLD_SQL_MODE=@@SQL_MODE, SQL_MODE='NO_AUTO_VALUE_ON_ZERO' */;
/*!40111 SET @OLD_SQL_NOTES=@@SQL_NOTES, SQL_NOTES=0 */;

--
-- Table structure for table `migration_versions`
--

DROP TABLE IF EXISTS `migration_versions`;
/*!40101 SET @saved_cs_client     = @@character_set_client */;
/*!40101 SET character_set_client = utf8 */;
CREATE TABLE `migration_versions` (
  `version` varchar(14) COLLATE utf8mb4_unicode_ci NOT NULL,
  `executed_at` datetime NOT NULL COMMENT '(DC2Type:datetime_immutable)',
  PRIMARY KEY (`version`)
) ENGINE=InnoDB DEFAULT CHARSET=utf8mb4 COLLATE=utf8mb4_unicode_ci;
/*!40101 SET character_set_client = @saved_cs_client */;

--
-- Dumping data for table `migration_versions`
--

LOCK TABLES `migration_versions` WRITE;
/*!40000 ALTER TABLE `migration_versions` DISABLE KEYS */;
INSERT INTO `migration_versions` VALUES ('20190316213444','2019-03-16 21:38:23'),('20190316215746','2019-03-16 22:13:40'),('20190316222245','2019-03-16 22:22:56'),('20190316222508','2019-03-16 22:25:11'),('20190316224738','2019-03-16 22:47:51'),('20190316232116','2019-03-16 23:21:20'),('20190317112216','2019-03-17 11:22:24'),('20190317114011','2019-03-17 11:40:14'),('20190317114134','2019-03-17 11:41:37'),('20190317152626','2019-03-17 15:26:36'),('20190317212633','2019-03-17 21:26:41');
/*!40000 ALTER TABLE `migration_versions` ENABLE KEYS */;
UNLOCK TABLES;

--
-- Table structure for table `product`
--

DROP TABLE IF EXISTS `product`;
/*!40101 SET @saved_cs_client     = @@character_set_client */;
/*!40101 SET character_set_client = utf8 */;
CREATE TABLE `product` (
  `id` int(11) NOT NULL AUTO_INCREMENT,
  `name` varchar(255) COLLATE utf8mb4_unicode_ci NOT NULL,
  `sku` varchar(255) COLLATE utf8mb4_unicode_ci NOT NULL,
  `stock` smallint(6) NOT NULL DEFAULT '0',
  `supplier_id` int(11) DEFAULT NULL,
  `is_nearly_out_of_stock` tinyint(1) NOT NULL DEFAULT '0',
  `inventory_turnover` double DEFAULT NULL,
  `initial_stock` smallint(6) NOT NULL DEFAULT '0',
  PRIMARY KEY (`id`),
  UNIQUE KEY `UNIQ_D34A04ADF9038C4` (`sku`),
  KEY `IDX_D34A04AD2ADD6D8C` (`supplier_id`),
  CONSTRAINT `FK_D34A04AD2ADD6D8C` FOREIGN KEY (`supplier_id`) REFERENCES `supplier` (`id`)
) ENGINE=InnoDB AUTO_INCREMENT=101 DEFAULT CHARSET=utf8mb4 COLLATE=utf8mb4_unicode_ci;
/*!40101 SET character_set_client = @saved_cs_client */;

--
-- Dumping data for table `product`
--

LOCK TABLES `product` WRITE;
/*!40000 ALTER TABLE `product` DISABLE KEYS */;
INSERT INTO `product` VALUES (1,'Produit 1','1-0001',3,1,1,2.5988023952096,5),(2,'Produit 2','1-0002',24,1,0,0.46107784431138,6),(3,'Produit 3','1-0003',73,1,0,4.4011976047904,13),(4,'Produit 4','1-0004',41,1,0,3.7724550898204,25),(5,'Produit 5','1-0005',7,1,0,0.12574850299401,5),(6,'Produit 6','1-0006',12,1,0,0.46107784431138,5),(7,'Produit 7','1-0007',19,1,0,0.96407185628743,6),(8,'Produit 8','1-0008',52,1,0,2.0119760479042,17),(9,'Produit 9','1-0009',0,1,1,0.33532934131737,9),(10,'Produit 10','1-0010',41,1,0,1.5508982035928,8),(11,'Produit 11','1-0011',85,1,0,2.2634730538922,19),(12,'Produit 12','1-0012',47,1,0,2.3473053892216,11),(13,'Produit 13','1-0013',65,2,0,2.8922155688623,18),(14,'Produit 14','1-0014',43,2,0,1.7185628742515,6),(15,'Produit 15','1-0015',19,2,0,1.2155688622754,7),(16,'Produit 16','1-0016',14,2,0,0.67065868263473,6),(17,'Produit 17','1-0017',15,2,0,0.16766467065868,9),(18,'Produit 18','1-0018',2,2,0,0.46107784431138,13),(19,'Produit 19','1-0019',6,2,0,0,6),(20,'Produit 20','1-0020',17,2,0,0.7125748502994,6),(21,'Produit 21','1-0021',5,2,0,1.3832335329341,10),(22,'Produit 22','1-0022',11,2,0,0.83832335329341,12),(23,'Produit 23','1-0023',13,2,0,0.67065868263473,9),(24,'Produit 24','1-0024',21,2,0,0.29341317365269,8),(25,'Produit 25','1-0025',23,2,0,0.54491017964072,6),(26,'Produit 26','1-0026',22,2,0,0.50299401197605,6),(27,'Produit 27','1-0027',12,2,0,0.25149700598802,6),(28,'Produit 28','1-0028',26,2,0,0.92215568862275,12),(29,'Produit 29','1-0029',15,2,0,1.2994011976048,10),(30,'Produit 30','1-0030',23,2,0,1.5928143712575,13),(31,'Produit 31','1-0031',42,2,0,1.4670658682635,12),(32,'Produit 32','1-0032',59,2,0,1.2155688622754,6),(33,'Produit 33','1-0033',25,3,0,0.96407185628743,6),(34,'Produit 34','1-0034',23,3,0,2.0538922155689,12),(35,'Produit 35','1-0035',46,3,0,0.33532934131737,6),(36,'Produit 36','1-0036',8,3,0,0.41916167664671,6),(37,'Produit 37','1-0037',34,3,0,0.83832335329341,12),(38,'Produit 38','1-0038',32,4,0,1.7604790419162,15),(39,'Produit 39','1-0039',47,4,0,2.2215568862275,5),(40,'Produit 40','1-0040',53,4,0,3.814371257485,4),(41,'Produit 41','1-0041',36,4,0,0.83832335329341,8),(42,'Produit 42','1-0042',16,4,0,0.37724550898204,13),(43,'Produit 43','1-0043',25,4,0,0.96407185628743,9),(44,'Produit 44','1-0044',16,4,0,1.0479041916168,5),(45,'Produit 45','1-0045',25,4,0,1.3832335329341,10),(46,'Produit 46','1-0046',23,4,0,0.83832335329341,8),(47,'Produit 47','1-0047',37,4,0,0.58682634730539,5),(48,'Produit 48','1-0048',46,4,0,0.58682634730539,13),(49,'Produit 49','1-0049',35,4,0,1.0059880239521,12),(50,'Produit 50','1-0050',622,4,0,33.910179640719,52),(51,'Produit 51','1-0051',131,4,0,3.185628742515,26),(52,'Produit 52','1-0052',95,4,0,3.9820359281437,22),(53,'Produit 53','1-0053',167,4,0,6.0778443113772,35),(54,'Produit 54','1-0054',167,4,0,7.1676646706587,43),(55,'Produit 55','1-0055',232,4,0,15.467065868263,8),(56,'Produit 56','1-0056',137,4,0,6.6646706586826,0),(57,'Produit 57','1-0057',27,4,0,1.7185628742515,18),(58,'Produit 58','1-0058',105,4,0,4.6946107784431,69),(59,'Produit 59','1-0059',25,4,0,0.92215568862275,5),(60,'Produit 60','1-0060',36,4,0,1.5089820359281,6),(61,'Produit 61','1-0061',84,4,0,5.8682634730539,10),(62,'Produit 62','1-0062',32,5,0,1.0898203592814,10),(63,'Produit 63','1-0063',66,5,0,3.8982035928144,10),(64,'Produit 64','1-0064',55,5,0,2.4311377245509,11),(65,'Produit 65','1-0065',56,5,0,2.1796407185629,8),(66,'Produit 66','1-0066',57,5,0,2.4730538922156,8),(67,'Produit 67','1-0067',71,5,0,2.4730538922156,4),(68,'Produit 68','1-0068',26,5,0,0.88023952095808,16),(69,'Produit 69','1-0069',11,6,0,0.20958083832335,16),(70,'Produit 70','1-0070',18,6,0,1.6347305389222,7),(71,'Produit 71','1-0071',13,6,0,0.37724550898204,4),(72,'Produit 72','1-0072',9,6,0,0.37724550898204,6),(73,'Produit 73','1-0073',8,6,0,0.58682634730539,5),(74,'Produit 74','1-0074',8,6,0,0.50299401197605,8),(75,'Produit 75','1-0075',13,6,0,0.62874251497006,11),(76,'Produit 76','1-0076',21,7,0,0.33532934131737,5),(77,'Produit 77','1-0077',12,7,0,0.41916167664671,5),(78,'Produit 78','1-0078',12,7,0,0.46107784431138,5),(79,'Produit 79','1-0079',0,7,1,0.37724550898204,9),(80,'Produit 80','1-0080',8,7,0,0.79640718562874,3),(81,'Produit 81','1-0081',20,7,0,0.50299401197605,8),(82,'Produit 82','1-0082',17,7,0,0.46107784431138,4),(83,'Produit 83','1-0083',24,7,0,0.041916167664671,0),(84,'Produit 84','1-0084',29,7,0,0.16766467065868,21),(85,'Produit 85','1-0085',22,7,0,0.041916167664671,11),(86,'Produit 86','1-0086',17,7,0,0.25149700598802,11),(87,'Produit 87','1-0087',20,8,0,0.12574850299401,11),(88,'Produit 88','1-0088',22,8,0,0.083832335329341,12),(89,'Produit 89','1-0089',20,8,0,0.041916167664671,11),(90,'Produit 90','1-0090',29,8,0,0.29341317365269,24),(91,'Produit 91','1-0091',23,8,0,0.37724550898204,20),(92,'Produit 92','1-0092',20,8,0,0.54491017964072,21),(93,'Produit 93','1-0093',27,8,0,0.16766467065868,19),(94,'Produit 94','1-0094',33,8,0,0.25149700598802,9),(95,'Produit 95','1-0095',36,8,0,0.41916167664671,10),(96,'Produit 96','1-0096',57,8,0,2.5568862275449,10),(97,'Produit 97','1-0097',42,8,0,0.29341317365269,13),(98,'Produit 98','1-0098',31,8,0,0.54491017964072,14),(99,'Produit 99','1-0099',42,8,0,0.46107784431138,17),(100,'Produit 100','1-0100',72,8,0,3.6467065868263,16);
/*!40000 ALTER TABLE `product` ENABLE KEYS */;
UNLOCK TABLES;

--
-- Table structure for table `purchase`
--

DROP TABLE IF EXISTS `purchase`;
/*!40101 SET @saved_cs_client     = @@character_set_client */;
/*!40101 SET character_set_client = utf8 */;
CREATE TABLE `purchase` (
  `id` int(11) NOT NULL AUTO_INCREMENT,
  `supplier_id` int(11) NOT NULL,
  `created_at` datetime NOT NULL,
  PRIMARY KEY (`id`),
  KEY `IDX_6117D13B2ADD6D8C` (`supplier_id`),
  CONSTRAINT `FK_6117D13B2ADD6D8C` FOREIGN KEY (`supplier_id`) REFERENCES `supplier` (`id`)
) ENGINE=InnoDB AUTO_INCREMENT=14 DEFAULT CHARSET=utf8mb4 COLLATE=utf8mb4_unicode_ci;
/*!40101 SET character_set_client = @saved_cs_client */;

--
-- Dumping data for table `purchase`
--

LOCK TABLES `purchase` WRITE;
/*!40000 ALTER TABLE `purchase` DISABLE KEYS */;
INSERT INTO `purchase` VALUES (1,1,'2019-03-17 12:31:28'),(2,2,'2019-03-17 12:31:28'),(3,3,'2019-03-17 12:31:28'),(4,4,'2019-03-17 12:31:28'),(5,5,'2019-03-17 12:31:28'),(6,6,'2019-03-17 12:31:28'),(7,7,'2019-03-17 12:31:28'),(8,8,'2019-03-17 12:31:28');
/*!40000 ALTER TABLE `purchase` ENABLE KEYS */;
UNLOCK TABLES;

--
-- Table structure for table `purchase_item`
--

DROP TABLE IF EXISTS `purchase_item`;
/*!40101 SET @saved_cs_client     = @@character_set_client */;
/*!40101 SET character_set_client = utf8 */;
CREATE TABLE `purchase_item` (
  `id` int(11) NOT NULL AUTO_INCREMENT,
  `product_id` int(11) NOT NULL,
  `purchase_id` int(11) DEFAULT NULL,
  `quantity` smallint(6) NOT NULL,
  PRIMARY KEY (`id`),
  KEY `IDX_6FA8ED7D4584665A` (`product_id`),
  KEY `IDX_6FA8ED7D558FBEB9` (`purchase_id`),
  CONSTRAINT `FK_6FA8ED7D4584665A` FOREIGN KEY (`product_id`) REFERENCES `product` (`id`),
  CONSTRAINT `FK_6FA8ED7D558FBEB9` FOREIGN KEY (`purchase_id`) REFERENCES `purchase` (`id`)
) ENGINE=InnoDB AUTO_INCREMENT=106 DEFAULT CHARSET=utf8mb4 COLLATE=utf8mb4_unicode_ci;
/*!40101 SET character_set_client = @saved_cs_client */;

--
-- Dumping data for table `purchase_item`
--

LOCK TABLES `purchase_item` WRITE;
/*!40000 ALTER TABLE `purchase_item` DISABLE KEYS */;
INSERT INTO `purchase_item` VALUES (1,1,1,60),(2,2,1,30),(3,3,1,168),(4,4,1,108),(5,5,1,6),(6,6,1,18),(7,7,1,36),(8,8,1,84),(9,9,1,0),(10,10,1,72),(11,11,1,120),(12,12,1,96),(13,13,2,118),(14,14,2,79),(15,15,2,41),(16,16,2,24),(17,17,2,10),(18,18,2,0),(19,19,2,0),(20,20,2,28),(21,21,2,28),(22,22,2,20),(23,23,2,20),(24,24,2,20),(25,25,2,30),(26,26,2,30),(27,27,2,12),(28,28,2,36),(29,29,2,36),(30,30,2,48),(31,31,2,66),(32,32,2,84),(33,33,3,42),(34,34,3,60),(35,35,3,48),(36,36,3,12),(37,37,3,42),(38,38,4,60),(39,39,4,96),(40,40,4,144),(41,41,4,48),(42,42,4,12),(43,43,4,39),(44,44,4,36),(45,45,4,48),(46,46,4,36),(47,47,4,48),(48,48,4,48),(49,49,4,48),(50,50,4,1399),(51,51,4,184),(52,52,4,170),(53,53,4,288),(54,54,4,298),(55,55,4,598),(56,56,4,296),(57,57,4,50),(58,58,4,150),(59,59,4,42),(60,60,4,66),(61,61,4,216),(62,62,5,48),(63,63,5,150),(64,64,5,102),(65,65,5,102),(66,66,5,108),(67,67,5,126),(68,68,5,32),(69,69,6,0),(70,70,6,50),(71,71,6,18),(72,72,6,12),(73,73,6,18),(74,74,6,12),(75,75,6,18),(76,76,7,24),(77,77,7,18),(78,78,7,18),(79,79,7,0),(80,80,7,24),(81,81,7,24),(82,82,7,24),(83,83,7,25),(84,84,7,12),(85,85,7,12),(86,86,7,12),(87,87,8,12),(88,88,8,12),(89,89,8,12),(90,90,8,12),(91,91,8,12),(92,92,8,12),(93,93,8,12),(94,94,8,30),(95,95,8,36),(96,96,8,108),(97,97,8,36),(98,98,8,30),(99,99,8,36),(100,100,8,144);
/*!40000 ALTER TABLE `purchase_item` ENABLE KEYS */;
UNLOCK TABLES;

--
-- Table structure for table `sale`
--

DROP TABLE IF EXISTS `sale`;
/*!40101 SET @saved_cs_client     = @@character_set_client */;
/*!40101 SET character_set_client = utf8 */;
CREATE TABLE `sale` (
  `id` int(11) NOT NULL AUTO_INCREMENT,
  `sale_number` varchar(255) COLLATE utf8mb4_unicode_ci NOT NULL,
  `created_at` datetime NOT NULL,
  `is_locked` tinyint(1) NOT NULL DEFAULT '0',
  PRIMARY KEY (`id`)
) ENGINE=InnoDB AUTO_INCREMENT=973 DEFAULT CHARSET=utf8mb4 COLLATE=utf8mb4_unicode_ci;
/*!40101 SET character_set_client = @saved_cs_client */;

--
-- Dumping data for table `sale`
--

LOCK TABLES `sale` WRITE;
/*!40000 ALTER TABLE `sale` DISABLE KEYS */;
INSERT INTO `sale` VALUES (203,'#1273','2018-09-27 00:00:00',1),(204,'#1274','2018-09-27 00:00:00',1),(205,'#1275','2018-09-27 00:00:00',1),(206,'#1276','2018-09-27 00:00:00',1),(207,'#1277','2018-09-27 00:00:00',1),(208,'#1278','2018-09-27 00:00:00',1),(209,'#1279','2018-09-28 00:00:00',1),(210,'#1280','2018-09-28 00:00:00',1),(211,'#1281','2018-09-28 00:00:00',1),(212,'#1282','2018-09-28 00:00:00',1),(213,'#1283','2018-09-28 00:00:00',1),(214,'#1284','2018-09-28 00:00:00',1),(215,'#1285','2018-09-29 00:00:00',1),(216,'#1286','2018-09-29 00:00:00',1),(217,'#1287','2018-09-29 00:00:00',1),(218,'#1288','2018-09-30 00:00:00',1),(219,'#1289','2018-09-30 00:00:00',1),(220,'#1290','2018-09-30 00:00:00',1),(221,'#1291','2018-09-30 00:00:00',1),(222,'#1292','2018-09-30 00:00:00',1),(223,'#1293','2018-10-01 00:00:00',1),(224,'#1294','2018-10-01 00:00:00',1),(225,'#1297','2018-10-01 00:00:00',1),(226,'#1298','2018-10-01 00:00:00',1),(227,'#1299','2018-10-01 00:00:00',1),(228,'#1300','2018-10-01 00:00:00',1),(229,'#1301','2018-10-01 00:00:00',1),(230,'#1302','2018-10-02 00:00:00',1),(231,'#1303','2018-10-02 00:00:00',1),(232,'#1304','2018-10-02 00:00:00',1),(233,'#1305','2018-10-02 00:00:00',1),(234,'#1306','2018-10-02 00:00:00',1),(235,'#1307','2018-10-03 00:00:00',1),(236,'#1308','2018-10-03 00:00:00',1),(237,'#1309','2018-10-03 00:00:00',1),(238,'#1310','2018-10-03 00:00:00',1),(239,'#1311','2018-10-03 00:00:00',1),(240,'#1312','2018-10-03 00:00:00',1),(241,'#1313','2018-10-03 00:00:00',1),(242,'#1314','2018-10-04 00:00:00',1),(243,'#1315','2018-10-04 00:00:00',1),(244,'#1317','2018-10-04 00:00:00',1),(245,'#1318','2018-10-04 00:00:00',1),(246,'#1319','2018-10-04 00:00:00',1),(247,'#1320','2018-10-04 00:00:00',1),(248,'#1321','2018-10-04 00:00:00',1),(249,'#1322','2018-10-04 00:00:00',1),(250,'#1323','2018-10-04 00:00:00',1),(251,'#1324','2018-10-05 00:00:00',1),(252,'#1325','2018-10-05 00:00:00',1),(253,'#1326','2018-10-05 00:00:00',1),(254,'#1328','2018-10-05 00:00:00',1),(255,'#1330','2018-10-05 00:00:00',1),(256,'#1331','2018-10-05 00:00:00',1),(257,'#1332','2018-10-06 00:00:00',1),(258,'#1333','2018-10-07 00:00:00',1),(259,'#1334','2018-10-07 00:00:00',1),(260,'#1335','2018-10-07 00:00:00',1),(261,'#1336','2018-10-07 00:00:00',1),(262,'#1337','2018-10-07 00:00:00',1),(263,'#1338','2018-10-07 00:00:00',1),(264,'#1339','2018-10-07 00:00:00',1),(265,'#1340','2018-10-07 00:00:00',1),(266,'#1341','2018-10-07 00:00:00',1),(267,'#1342','2018-10-07 00:00:00',1),(268,'#1343','2018-10-08 00:00:00',1),(269,'#1345','2018-10-08 00:00:00',1),(270,'#1346','2018-10-08 00:00:00',1),(271,'#1347','2018-10-08 00:00:00',1),(272,'#1348','2018-10-08 00:00:00',1),(273,'#1349','2018-10-09 00:00:00',1),(274,'#1350','2018-10-09 00:00:00',1),(275,'#1351','2018-10-09 00:00:00',1),(276,'#1352','2018-10-09 00:00:00',1),(277,'#1353','2018-10-09 00:00:00',1),(278,'#1354','2018-10-09 00:00:00',1),(279,'#1355','2018-10-09 00:00:00',1),(280,'#1356','2018-10-09 00:00:00',1),(281,'#1357','2018-10-10 00:00:00',1),(282,'#1358','2018-10-10 00:00:00',1),(283,'#1359','2018-10-10 00:00:00',1),(284,'#1360','2018-10-10 00:00:00',1),(285,'#1361','2018-10-10 00:00:00',1),(286,'#1362','2018-10-10 00:00:00',1),(287,'#1363','2018-10-11 00:00:00',1),(288,'#1365','2018-10-11 00:00:00',1),(289,'#1366','2018-10-11 00:00:00',1),(290,'#1368','2018-10-11 00:00:00',1),(291,'#1369','2018-10-11 00:00:00',1),(292,'#1371','2018-10-11 00:00:00',1),(293,'#1372','2018-10-11 00:00:00',1),(294,'#1373','2018-10-12 00:00:00',1),(295,'#1374','2018-10-12 00:00:00',1),(296,'#1376','2018-10-12 00:00:00',1),(297,'#1379','2018-10-13 00:00:00',1),(298,'#1380','2018-10-13 00:00:00',1),(299,'#1381','2018-10-13 00:00:00',1),(300,'#1382','2018-10-13 00:00:00',1),(301,'#1383','2018-10-14 00:00:00',1),(302,'#1384','2018-10-14 00:00:00',1),(303,'#1385','2018-10-14 00:00:00',1),(304,'#1386','2018-10-14 00:00:00',1),(305,'#1387','2018-10-14 00:00:00',1),(306,'#1388','2018-10-15 00:00:00',1),(307,'#1389','2018-10-15 00:00:00',1),(308,'#1390','2018-10-15 00:00:00',1),(309,'#1391','2018-10-15 00:00:00',1),(310,'#1392','2018-10-15 00:00:00',1),(311,'#1393','2018-10-15 00:00:00',1),(312,'#1394','2018-10-15 00:00:00',1),(313,'#1395','2018-10-15 00:00:00',1),(314,'#1396','2018-10-15 00:00:00',1),(315,'#1397','2018-10-15 00:00:00',1),(316,'#1398','2018-10-15 00:00:00',1),(317,'#1399','2018-10-16 00:00:00',1),(318,'#1400','2018-10-16 00:00:00',1),(319,'#1401','2018-10-16 00:00:00',1),(320,'#1402','2018-10-16 00:00:00',1),(321,'#1403','2018-10-16 00:00:00',1),(322,'#1404','2018-10-16 00:00:00',1),(323,'#1405','2018-10-16 00:00:00',1),(324,'#1406','2018-10-16 00:00:00',1),(325,'#1407','2018-10-16 00:00:00',1),(326,'#1408','2018-10-16 00:00:00',1),(327,'#1409','2018-10-16 00:00:00',1),(328,'#1410','2018-10-16 00:00:00',1),(329,'#1411','2018-10-16 00:00:00',1),(330,'#1412','2018-10-17 00:00:00',1),(331,'#1413','2018-10-17 00:00:00',1),(332,'#1414','2018-10-17 00:00:00',1),(333,'#1415','2018-10-17 00:00:00',1),(334,'#1416','2018-10-17 00:00:00',1),(335,'#1417','2018-10-17 00:00:00',1),(336,'#1418','2018-10-17 00:00:00',1),(337,'#1419','2018-10-17 00:00:00',1),(338,'#1420','2018-10-17 00:00:00',1),(339,'#1421','2018-10-17 00:00:00',1),(340,'#1422','2018-10-17 00:00:00',1),(341,'#1423','2018-10-17 00:00:00',1),(342,'#1424','2018-10-17 00:00:00',1),(343,'#1425','2018-10-17 00:00:00',1),(344,'#1426','2018-10-18 00:00:00',1),(345,'#1427','2018-10-18 00:00:00',1),(346,'#1428','2018-10-18 00:00:00',1),(347,'#1429','2018-10-18 00:00:00',1),(348,'#1430','2018-10-18 00:00:00',1),(349,'#1432','2018-10-18 00:00:00',1),(350,'#1433','2018-10-19 00:00:00',1),(351,'#1434','2018-10-19 00:00:00',1),(352,'#1435','2018-10-19 00:00:00',1),(353,'#1436','2018-10-19 00:00:00',1),(354,'#1437','2018-10-19 00:00:00',1),(355,'#1438','2018-10-19 00:00:00',1),(356,'#1439','2018-10-19 00:00:00',1),(357,'#1441','2018-10-20 00:00:00',1),(358,'#1442','2018-10-20 00:00:00',1),(359,'#1445','2018-10-21 00:00:00',1),(360,'#1446','2018-10-21 00:00:00',1),(361,'#1447','2018-10-21 00:00:00',1),(362,'#1448','2018-10-21 00:00:00',1),(363,'#1449','2018-10-21 00:00:00',1),(364,'#1450','2018-10-22 00:00:00',1),(365,'#1452','2018-10-22 00:00:00',1),(366,'#1453','2018-10-22 00:00:00',1),(367,'#1454','2018-10-22 00:00:00',1),(368,'#1455','2018-10-22 00:00:00',1),(369,'#1456','2018-10-23 00:00:00',1),(370,'#1457','2018-10-23 00:00:00',1),(371,'#1459','2018-10-23 00:00:00',1),(372,'#1460','2018-10-23 00:00:00',1),(373,'#1461','2018-10-23 00:00:00',1),(374,'#1462','2018-10-23 00:00:00',1),(375,'#1463','2018-10-23 00:00:00',1),(376,'#1464','2018-10-24 00:00:00',1),(377,'#1465','2018-10-24 00:00:00',1),(378,'#1468','2018-10-24 00:00:00',1),(379,'#1469','2018-10-24 00:00:00',1),(380,'#1470','2018-10-24 00:00:00',1),(381,'#1471','2018-10-24 00:00:00',1),(382,'#1472','2018-10-24 00:00:00',1),(383,'#1473','2018-10-24 00:00:00',1),(384,'#1474','2018-10-24 00:00:00',1),(385,'#1475','2018-10-25 00:00:00',1),(386,'#1476','2018-10-25 00:00:00',1),(387,'#1477','2018-10-25 00:00:00',1),(388,'#1478','2018-10-25 00:00:00',1),(389,'#1479','2018-10-25 00:00:00',1),(390,'#1480','2018-10-25 00:00:00',1),(391,'#1481','2018-10-25 00:00:00',1),(392,'#1482','2018-10-25 00:00:00',1),(393,'#1483','2018-10-26 00:00:00',1),(394,'#1484','2018-10-26 00:00:00',1),(395,'#1485','2018-10-26 00:00:00',1),(396,'#1486','2018-10-26 00:00:00',1),(397,'#1487','2018-10-26 00:00:00',1),(398,'#1488','2018-10-26 00:00:00',1),(399,'#1489','2018-10-27 00:00:00',1),(400,'#1490','2018-10-27 00:00:00',1),(401,'#1491','2018-10-27 00:00:00',1),(402,'#1492','2018-10-27 00:00:00',1),(403,'#1493','2018-10-27 00:00:00',1),(404,'#1494','2018-10-27 00:00:00',1),(405,'#1495','2018-10-27 00:00:00',1),(406,'#1496','2018-10-28 00:00:00',1),(407,'#1497','2018-10-28 00:00:00',1),(408,'#1498','2018-10-28 00:00:00',1),(409,'#1500','2018-10-28 00:00:00',1),(410,'#1501','2018-10-28 00:00:00',1),(411,'#1502','2018-10-28 00:00:00',1),(412,'#1503','2018-10-28 00:00:00',1),(413,'#1505','2018-10-28 00:00:00',1),(414,'#1506','2018-10-29 00:00:00',1),(415,'#1507','2018-10-29 00:00:00',1),(416,'#1510','2018-10-29 00:00:00',1),(417,'#1511','2018-10-29 00:00:00',1),(418,'#1512','2018-10-29 00:00:00',1),(419,'#1514','2018-10-29 00:00:00',1),(420,'#1515','2018-10-30 00:00:00',1),(421,'#1516','2018-10-30 00:00:00',1),(422,'#1517','2018-10-30 00:00:00',1),(423,'#1518','2018-10-30 00:00:00',1),(424,'#1519','2018-10-30 00:00:00',1),(425,'#1520','2018-10-30 00:00:00',1),(426,'#1521','2018-10-30 00:00:00',1),(427,'#1523','2018-10-31 00:00:00',1),(428,'#1524','2018-10-31 00:00:00',1),(429,'#1525','2018-10-31 00:00:00',1),(430,'#1526','2018-10-31 00:00:00',1),(431,'#1527','2018-10-31 00:00:00',1),(432,'#1528','2018-10-31 00:00:00',1),(433,'#1529','2018-10-31 00:00:00',1),(434,'#1531','2018-10-31 00:00:00',1),(435,'#1533','2018-11-01 00:00:00',1),(436,'#1534','2018-11-01 00:00:00',1),(437,'#1535','2018-11-01 00:00:00',1),(438,'#1536','2018-11-01 00:00:00',1),(439,'#1538','2018-11-01 00:00:00',1),(440,'#1539','2018-11-01 00:00:00',1),(441,'#1541','2018-11-01 00:00:00',1),(442,'#1542','2018-11-01 00:00:00',1),(443,'#1543','2018-11-01 00:00:00',1),(444,'#1544','2018-11-01 00:00:00',1),(445,'#1545','2018-11-01 00:00:00',1),(446,'#1546','2018-11-01 00:00:00',1),(447,'#1548','2018-11-01 00:00:00',1),(448,'#1549','2018-11-01 00:00:00',1),(449,'#1550','2018-11-01 00:00:00',1),(450,'#1551','2018-11-01 00:00:00',1),(451,'#1552','2018-11-01 00:00:00',1),(452,'#1553','2018-11-02 00:00:00',1),(453,'#1555','2018-11-02 00:00:00',1),(454,'#1556','2018-11-02 00:00:00',1),(455,'#1557','2018-11-02 00:00:00',1),(456,'#1558','2018-11-02 00:00:00',1),(457,'#1559','2018-11-02 00:00:00',1),(458,'#1560','2018-11-02 00:00:00',1),(459,'#1561','2018-11-02 00:00:00',1),(460,'#1562','2018-11-03 00:00:00',1),(461,'#1564','2018-11-03 00:00:00',1),(462,'#1565','2018-11-03 00:00:00',1),(463,'#1566','2018-11-03 00:00:00',1),(464,'#1567','2018-11-03 00:00:00',1),(465,'#1568','2018-11-03 00:00:00',1),(466,'#1569','2018-11-03 00:00:00',1),(467,'#1570','2018-11-03 00:00:00',1),(468,'#1571','2018-11-03 00:00:00',1),(469,'#1572','2018-11-03 00:00:00',1),(470,'#1573','2018-11-04 00:00:00',1),(471,'#1574','2018-11-04 00:00:00',1),(472,'#1575','2018-11-04 00:00:00',1),(473,'#1576','2018-11-04 00:00:00',1),(474,'#1577','2018-11-04 00:00:00',1),(475,'#1578','2018-11-04 00:00:00',1),(476,'#1579','2018-11-04 00:00:00',1),(477,'#1580','2018-11-04 00:00:00',1),(478,'#1581','2018-11-04 00:00:00',1),(479,'#1582','2018-11-04 00:00:00',1),(480,'#1583','2018-11-04 00:00:00',1),(481,'#1584','2018-11-05 00:00:00',1),(482,'#1587','2018-11-05 00:00:00',1),(483,'#1589','2018-11-05 00:00:00',1),(484,'#1590','2018-11-05 00:00:00',1),(485,'#1591','2018-11-05 00:00:00',1),(486,'#1595','2018-11-05 00:00:00',1),(487,'#1596','2018-11-05 00:00:00',1),(488,'#1598','2018-11-05 00:00:00',1),(489,'#1600','2018-11-05 00:00:00',1),(490,'#1601','2018-11-05 00:00:00',1),(491,'#1602','2018-11-05 00:00:00',1),(492,'#1603','2018-11-05 00:00:00',1),(493,'#1604','2018-11-05 00:00:00',1),(494,'#1605','2018-11-05 00:00:00',1),(495,'#1606','2018-11-06 00:00:00',1),(496,'#1607','2018-11-06 00:00:00',1),(497,'#1608','2018-11-06 00:00:00',1),(498,'#1610','2018-11-06 00:00:00',1),(499,'#1611','2018-11-06 00:00:00',1),(500,'#1612','2018-11-06 00:00:00',1),(501,'#1613','2018-11-06 00:00:00',1),(502,'#1614','2018-11-06 00:00:00',1),(503,'#1615','2018-11-06 00:00:00',1),(504,'#1616','2018-11-06 00:00:00',1),(505,'#1618','2018-11-06 00:00:00',1),(506,'#1619','2018-11-06 00:00:00',1),(507,'#1620','2018-11-06 00:00:00',1),(508,'#1621','2018-11-06 00:00:00',1),(509,'#1623','2018-11-06 00:00:00',1),(510,'#1625','2018-11-06 00:00:00',1),(511,'#1627','2018-11-07 00:00:00',1),(512,'#1628','2018-11-07 00:00:00',1),(513,'#1629','2018-11-07 00:00:00',1),(514,'#1630','2018-11-07 00:00:00',1),(515,'#1631','2018-11-07 00:00:00',1),(516,'#1633','2018-11-07 00:00:00',1),(517,'#1634','2018-11-07 00:00:00',1),(518,'#1635','2018-11-07 00:00:00',1),(519,'#1637','2018-11-07 00:00:00',1),(520,'#1638','2018-11-07 00:00:00',1),(521,'#1640','2018-11-07 00:00:00',1),(522,'#1641','2018-11-07 00:00:00',1),(523,'#1642','2018-11-07 00:00:00',1),(524,'#1643','2018-11-07 00:00:00',1),(525,'#1644','2018-11-07 00:00:00',1),(526,'#1645','2018-11-07 00:00:00',1),(527,'#1646','2018-11-07 00:00:00',1),(528,'#1647','2018-11-07 00:00:00',1),(529,'#1650','2018-11-08 00:00:00',1),(530,'#1651','2018-11-08 00:00:00',1),(531,'#1652','2018-11-08 00:00:00',1),(532,'#1653','2018-11-08 00:00:00',1),(533,'#1655','2018-11-08 00:00:00',1),(534,'#1657','2018-11-08 00:00:00',1),(535,'#1658','2018-11-08 00:00:00',1),(536,'#1662','2018-11-09 00:00:00',1),(537,'#1663','2018-11-09 00:00:00',1),(538,'#1664','2018-11-09 00:00:00',1),(539,'#1665','2018-11-09 00:00:00',1),(540,'#1666','2018-11-09 00:00:00',1),(541,'#1667','2018-11-09 00:00:00',1),(542,'#1668','2018-11-09 00:00:00',1),(543,'#1669','2018-11-09 00:00:00',1),(544,'#1670','2018-11-09 00:00:00',1),(545,'#1671','2018-11-09 00:00:00',1),(546,'#1672','2018-11-09 00:00:00',1),(547,'#1673','2018-11-09 00:00:00',1),(548,'#1674','2018-11-09 00:00:00',1),(549,'#1676','2018-11-10 00:00:00',1),(550,'#1677','2018-11-10 00:00:00',1),(551,'#1678','2018-11-10 00:00:00',1),(552,'#1679','2018-11-10 00:00:00',1),(553,'#1680','2018-11-10 00:00:00',1),(554,'#1681','2018-11-10 00:00:00',1),(555,'#1682','2018-11-10 00:00:00',1),(556,'#1683','2018-11-10 00:00:00',1),(557,'#1684','2018-11-10 00:00:00',1),(558,'#1685','2018-11-10 00:00:00',1),(559,'#1686','2018-11-10 00:00:00',1),(560,'#1687','2018-11-10 00:00:00',1),(561,'#1688','2018-11-10 00:00:00',1),(562,'#1689','2018-11-10 00:00:00',1),(563,'#1691','2018-11-10 00:00:00',1),(564,'#1692','2018-11-11 00:00:00',1),(565,'#1693','2018-11-11 00:00:00',1),(566,'#1694','2018-11-11 00:00:00',1),(567,'#1696','2018-11-11 00:00:00',1),(568,'#1697','2018-11-11 00:00:00',1),(569,'#1699','2018-11-11 00:00:00',1),(570,'#1700','2018-11-11 00:00:00',1),(571,'#1702','2018-11-11 00:00:00',1),(572,'#1704','2018-11-11 00:00:00',1),(573,'#1705','2018-11-11 00:00:00',1),(574,'#1706','2018-11-11 00:00:00',1),(575,'#1708','2018-11-11 00:00:00',1),(576,'#1709','2018-11-11 00:00:00',1),(577,'#1710','2018-11-11 00:00:00',1),(578,'#1712','2018-11-11 00:00:00',1),(579,'#1713','2018-11-11 00:00:00',1),(580,'#1715','2018-11-11 00:00:00',1),(581,'#1716','2018-11-12 00:00:00',1),(582,'#1717','2018-11-12 00:00:00',1),(583,'#1718','2018-11-12 00:00:00',1),(584,'#1719','2018-11-12 00:00:00',1),(585,'#1721','2018-11-12 00:00:00',1),(586,'#1722','2018-11-12 00:00:00',1),(587,'#1724','2018-11-12 00:00:00',1),(588,'#1725','2018-11-12 00:00:00',1),(589,'#1726','2018-11-12 00:00:00',1),(590,'#1727','2018-11-12 00:00:00',1),(591,'#1728','2018-11-12 00:00:00',1),(592,'#1729','2018-11-12 00:00:00',1),(593,'#1730','2018-11-12 00:00:00',1),(594,'#1731','2018-11-12 00:00:00',1),(595,'#1732','2018-11-12 00:00:00',1),(596,'#1733','2018-11-12 00:00:00',1),(597,'#1734','2018-11-13 00:00:00',1),(598,'#1736','2018-11-13 00:00:00',1),(599,'#1737','2018-11-13 00:00:00',1),(600,'#1738','2018-11-13 00:00:00',1),(601,'#1739','2018-11-13 00:00:00',1),(602,'#1741','2018-11-13 00:00:00',1),(603,'#1742','2018-11-13 00:00:00',1),(604,'#1746','2018-11-13 00:00:00',1),(605,'#1747','2018-11-13 00:00:00',1),(606,'#1748','2018-11-13 00:00:00',1),(607,'#1749','2018-11-13 00:00:00',1),(608,'#1750','2018-11-13 00:00:00',1),(609,'#1751','2018-11-13 00:00:00',1),(610,'#1752','2018-11-13 00:00:00',1),(611,'#1753','2018-11-14 00:00:00',1),(612,'#1754','2018-11-14 00:00:00',1),(613,'#1755','2018-11-14 00:00:00',1),(614,'#1757','2018-11-14 00:00:00',1),(615,'#1758','2018-11-14 00:00:00',1),(616,'#1759','2018-11-14 00:00:00',1),(617,'#1760','2018-11-14 00:00:00',1),(618,'#1761','2018-11-14 00:00:00',1),(619,'#1762','2018-11-14 00:00:00',1),(620,'#1763','2018-11-14 00:00:00',1),(621,'#1765','2018-11-14 00:00:00',1),(622,'#1766','2018-11-14 00:00:00',1),(623,'#1767','2018-11-15 00:00:00',1),(624,'#1768','2018-11-15 00:00:00',1),(625,'#1769','2018-11-15 00:00:00',1),(626,'#1770','2018-11-15 00:00:00',1),(627,'#1771','2018-11-15 00:00:00',1),(628,'#1772','2018-11-15 00:00:00',1),(629,'#1773','2018-11-15 00:00:00',1),(630,'#1775','2018-11-15 00:00:00',1),(631,'#1777','2018-11-15 00:00:00',1),(632,'#1778','2018-11-15 00:00:00',1),(633,'#1779','2018-11-15 00:00:00',1),(634,'#1780','2018-11-16 00:00:00',1),(635,'#1781','2018-11-16 00:00:00',1),(636,'#1782','2018-11-16 00:00:00',1),(637,'#1783','2018-11-16 00:00:00',1),(638,'#1784','2018-11-16 00:00:00',1),(639,'#1786','2018-11-16 00:00:00',1),(640,'#1787','2018-11-16 00:00:00',1),(641,'#1788','2018-11-16 00:00:00',1),(642,'#1790','2018-11-16 00:00:00',1),(643,'#1791','2018-11-17 00:00:00',1),(644,'#1792','2018-11-17 00:00:00',1),(645,'#1793','2018-11-17 00:00:00',1),(646,'#1794','2018-11-17 00:00:00',1),(647,'#1795','2018-11-17 00:00:00',1),(648,'#1796','2018-11-17 00:00:00',1),(649,'#1797','2018-11-17 00:00:00',1),(650,'#1798','2018-11-17 00:00:00',1),(651,'#1799','2018-11-17 00:00:00',1),(652,'#1800','2018-11-17 00:00:00',1),(653,'#1801','2018-11-17 00:00:00',1),(654,'#1802','2018-11-17 00:00:00',1),(655,'#1803','2018-11-17 00:00:00',1),(656,'#1804','2018-11-17 00:00:00',1),(657,'#1805','2018-11-18 00:00:00',1),(658,'#1806','2018-11-18 00:00:00',1),(659,'#1807','2018-11-18 00:00:00',1),(660,'#1808','2018-11-18 00:00:00',1),(661,'#1809','2018-11-18 00:00:00',1),(662,'#1810','2018-11-18 00:00:00',1),(663,'#1811','2018-11-18 00:00:00',1),(664,'#1812','2018-11-18 00:00:00',1),(665,'#1813','2018-11-18 00:00:00',1),(666,'#1814','2018-11-18 00:00:00',1),(667,'#1815','2018-11-18 00:00:00',1),(668,'#1816','2018-11-18 00:00:00',1),(669,'#1817','2018-11-18 00:00:00',1),(670,'#1819','2018-11-19 00:00:00',1),(671,'#1820','2018-11-19 00:00:00',1),(672,'#1821','2018-11-19 00:00:00',1),(673,'#1823','2018-11-19 00:00:00',1),(674,'#1825','2018-11-19 00:00:00',1),(675,'#1826','2018-11-19 00:00:00',1),(676,'#1827','2018-11-19 00:00:00',1),(677,'#1828','2018-11-19 00:00:00',1),(678,'#1829','2018-11-19 00:00:00',1),(679,'#1830','2018-11-19 00:00:00',1),(680,'#1831','2018-11-19 00:00:00',1),(681,'#1833','2018-11-19 00:00:00',1),(682,'#1834','2018-11-19 00:00:00',1),(683,'#1835','2018-11-19 00:00:00',1),(684,'#1836','2018-11-20 00:00:00',1),(685,'#1837','2018-11-20 00:00:00',1),(686,'#1838','2018-11-20 00:00:00',1),(687,'#1839','2018-11-20 00:00:00',1),(688,'#1841','2018-11-20 00:00:00',1),(689,'#1842','2018-11-20 00:00:00',1),(690,'#1843','2018-11-20 00:00:00',1),(691,'#1844','2018-11-20 00:00:00',1),(692,'#1845','2018-11-20 00:00:00',1),(693,'#1846','2018-11-21 00:00:00',1),(694,'#1847','2018-11-21 00:00:00',1),(695,'#1848','2018-11-21 00:00:00',1),(696,'#1849','2018-11-21 00:00:00',1),(697,'#1850','2018-11-21 00:00:00',1),(698,'#1851','2018-11-21 00:00:00',1),(699,'#1852','2018-11-22 00:00:00',1),(700,'#1853','2018-11-22 00:00:00',1),(701,'#1854','2018-11-22 00:00:00',1),(702,'#1855','2018-11-22 00:00:00',1),(703,'#1856','2018-11-22 00:00:00',1),(704,'#1859','2018-11-22 00:00:00',1),(705,'#1861','2018-11-22 00:00:00',1),(706,'#1862','2018-11-23 00:00:00',1),(707,'#1864','2018-11-23 00:00:00',1),(708,'#1865','2018-11-23 00:00:00',1),(709,'#1866','2018-11-23 00:00:00',1),(710,'#1867','2018-11-23 00:00:00',1),(711,'#1868','2018-11-23 00:00:00',1),(712,'#1869','2018-11-23 00:00:00',1),(713,'#1870','2018-11-23 00:00:00',1),(714,'#1871','2018-11-23 00:00:00',1),(715,'#1872','2018-11-23 00:00:00',1),(716,'#1873','2018-11-23 00:00:00',1),(717,'#1874','2018-11-24 00:00:00',1),(719,'#1875','2018-11-24 00:00:00',0),(720,'#1877','2018-11-24 00:00:00',0),(721,'#1878','2018-11-24 00:00:00',0),(722,'#1879','2018-11-24 00:00:00',0),(723,'#1880','2018-11-24 00:00:00',0),(724,'#1881','2018-11-24 00:00:00',0),(725,'#1882','2018-11-24 00:00:00',0),(726,'#1883','2018-11-24 00:00:00',0),(727,'#1884','2018-11-25 00:00:00',0),(728,'#1885','2018-11-25 00:00:00',0),(729,'#1886','2018-11-25 00:00:00',0),(730,'#1887','2018-11-25 00:00:00',0),(731,'#1888','2018-11-25 00:00:00',0),(732,'#1889','2018-11-25 00:00:00',0),(733,'#1890','2018-11-25 00:00:00',0),(734,'#1891','2018-11-25 00:00:00',0),(735,'#1892','2018-11-25 00:00:00',0),(736,'#1893','2018-11-25 00:00:00',0),(737,'#1894','2018-11-25 00:00:00',0),(738,'#1895','2018-11-25 00:00:00',0),(739,'#1896','2018-11-25 00:00:00',0),(740,'#1897','2018-11-25 00:00:00',0),(741,'#1898','2018-11-25 00:00:00',0),(742,'#1899','2018-11-25 00:00:00',0),(743,'#1900','2018-11-25 00:00:00',0),(744,'#1901','2018-11-26 00:00:00',0),(745,'#1902','2018-11-26 00:00:00',0),(746,'#1903','2018-11-26 00:00:00',0),(747,'#1904','2018-11-26 00:00:00',0),(748,'#1905','2018-11-26 00:00:00',0),(749,'#1906','2018-11-26 00:00:00',0),(750,'#1907','2018-11-26 00:00:00',0),(751,'#1909','2018-11-26 00:00:00',0),(752,'#1910','2018-11-26 00:00:00',0),(753,'#1911','2018-11-26 00:00:00',0),(754,'#1912','2018-11-26 00:00:00',0),(755,'#1913','2018-11-26 00:00:00',0),(756,'#1914','2018-11-26 00:00:00',0),(757,'#1915','2018-11-26 00:00:00',0),(758,'#1917','2018-11-27 00:00:00',0),(759,'#1919','2018-11-27 00:00:00',0),(760,'#1921','2018-11-27 00:00:00',0),(761,'#1923','2018-11-27 00:00:00',0),(762,'#1924','2018-11-27 00:00:00',0),(763,'#1925','2018-11-27 00:00:00',0),(764,'#1926','2018-11-27 00:00:00',0),(765,'#1927','2018-11-27 00:00:00',0),(766,'#1929','2018-11-27 00:00:00',0),(767,'#1930','2018-11-27 00:00:00',0),(768,'#1931','2018-11-27 00:00:00',0),(769,'#1932','2018-11-27 00:00:00',0),(770,'#1933','2018-11-27 00:00:00',0),(771,'#1934','2018-11-27 00:00:00',0),(772,'#1935','2018-11-27 00:00:00',0),(773,'#1936','2018-11-27 00:00:00',0),(774,'#1937','2018-11-28 00:00:00',0),(775,'#1939','2018-11-28 00:00:00',0),(776,'#1940','2018-11-28 00:00:00',0),(777,'#1941','2018-11-28 00:00:00',0),(778,'#1942','2018-11-28 00:00:00',0),(779,'#1943','2018-11-28 00:00:00',0),(780,'#1944','2018-11-28 00:00:00',0),(781,'#1946','2018-11-28 00:00:00',0),(782,'#1947','2018-11-28 00:00:00',0),(783,'#1948','2018-11-28 00:00:00',0),(784,'#1949','2018-11-28 00:00:00',0),(785,'#1950','2018-11-28 00:00:00',0),(786,'#1951','2018-11-28 00:00:00',0),(787,'#1952','2018-11-29 00:00:00',0),(788,'#1953','2018-11-29 00:00:00',0),(789,'#1955','2018-11-29 00:00:00',0),(790,'#1956','2018-11-29 00:00:00',0),(791,'#1957','2018-11-29 00:00:00',0),(792,'#1958','2018-11-29 00:00:00',0),(793,'#1959','2018-11-29 00:00:00',0),(794,'#1960','2018-11-29 00:00:00',0),(795,'#1962','2018-11-29 00:00:00',0),(796,'#1963','2018-11-29 00:00:00',0),(797,'#1965','2018-11-29 00:00:00',0),(798,'#1968','2018-11-29 00:00:00',0),(799,'#1969','2018-11-30 00:00:00',0),(800,'#1970','2018-11-30 00:00:00',0),(801,'#1971','2018-11-30 00:00:00',0),(802,'#1972','2018-11-30 00:00:00',0),(803,'#1973','2018-11-30 00:00:00',0),(804,'#1974','2018-11-30 00:00:00',0),(805,'#1975','2018-11-30 00:00:00',0),(806,'#1986','2018-11-30 00:00:00',0),(807,'#1987','2018-11-30 00:00:00',0),(808,'#1988','2018-11-30 00:00:00',0),(809,'#1990','2018-11-30 00:00:00',0),(810,'#1991','2018-11-30 00:00:00',0),(811,'#1993','2018-11-30 00:00:00',0),(812,'#1994','2018-11-30 00:00:00',0),(813,'#2479','2019-01-01 00:00:00',0),(814,'#2480','2019-01-01 00:00:00',0),(815,'#2482','2019-01-01 00:00:00',0),(816,'#2483','2019-01-01 00:00:00',0),(817,'#2484','2019-01-01 00:00:00',0),(818,'#2485','2019-01-01 00:00:00',0),(819,'#2486','2019-01-01 00:00:00',0),(820,'#2488','2019-01-01 00:00:00',0),(821,'#2489','2019-01-01 00:00:00',0),(822,'#2490','2019-01-01 00:00:00',0),(823,'#2491','2019-01-01 00:00:00',0),(824,'#2493','2019-01-01 00:00:00',0),(825,'#2494','2019-01-02 00:00:00',0),(826,'#2495','2019-01-02 00:00:00',0),(827,'#2497','2019-01-02 00:00:00',0),(828,'#2498','2019-01-02 00:00:00',0),(829,'#2499','2019-01-02 00:00:00',0),(830,'#2500','2019-01-02 00:00:00',0),(831,'#2501','2019-01-02 00:00:00',0),(832,'#2502','2019-01-02 00:00:00',0),(833,'#2503','2019-01-02 00:00:00',0),(834,'#2504','2019-01-02 00:00:00',0),(835,'#2505','2019-01-02 00:00:00',0),(836,'#2506','2019-01-02 00:00:00',0),(837,'#2507','2019-01-02 00:00:00',0),(838,'#2509','2019-01-02 00:00:00',0),(839,'#2510','2019-01-02 00:00:00',0),(840,'#2511','2019-01-02 00:00:00',0),(841,'#2512','2019-01-02 00:00:00',0),(842,'#2513','2019-01-02 00:00:00',0),(843,'#2514','2019-01-02 00:00:00',0),(844,'#2515','2019-01-02 00:00:00',0),(845,'#2516','2019-01-02 00:00:00',0),(846,'#2517','2019-01-02 00:00:00',0),(847,'#2518','2019-01-02 00:00:00',0),(848,'#2519','2019-01-02 00:00:00',0),(849,'#2520','2019-01-02 00:00:00',0),(850,'#2521','2019-01-02 00:00:00',0),(851,'#2522','2019-01-02 00:00:00',0),(852,'#2523','2019-01-02 00:00:00',0),(853,'#2525','2019-01-02 00:00:00',0),(854,'#2526','2019-01-02 00:00:00',0),(855,'#2527','2019-01-03 00:00:00',0),(856,'#2528','2019-01-03 00:00:00',0),(857,'#2529','2019-01-03 00:00:00',0),(858,'#2531','2019-01-03 00:00:00',0),(859,'#2534','2019-01-03 00:00:00',0),(860,'#2535','2019-01-03 00:00:00',0),(861,'#2536','2019-01-03 00:00:00',0),(862,'#2537','2019-01-03 00:00:00',0),(863,'#2538','2019-01-03 00:00:00',0),(864,'#2539','2019-01-03 00:00:00',0),(865,'#2540','2019-01-03 00:00:00',0),(866,'#2541','2019-01-03 00:00:00',0),(867,'#2542','2019-01-03 00:00:00',0),(868,'#2543','2019-01-03 00:00:00',0),(869,'#2544','2019-01-03 00:00:00',0),(870,'#2545','2019-01-03 00:00:00',0),(871,'#2546','2019-01-03 00:00:00',0),(872,'#2548','2019-01-04 00:00:00',0),(873,'#2550','2019-01-04 00:00:00',0),(874,'#2552','2019-01-04 00:00:00',0),(875,'#2553','2019-01-04 00:00:00',0),(876,'#2554','2019-01-04 00:00:00',0),(877,'#2555','2019-01-04 00:00:00',0),(878,'#2556','2019-01-04 00:00:00',0),(879,'#2557','2019-01-04 00:00:00',0),(880,'#2558','2019-01-04 00:00:00',0),(881,'#2559','2019-01-04 00:00:00',0),(882,'#2560','2019-01-04 00:00:00',0),(883,'#2561','2019-01-04 00:00:00',0),(884,'#2562','2019-01-04 00:00:00',0),(885,'#2563','2019-01-04 00:00:00',0),(886,'#2565','2019-01-04 00:00:00',0),(887,'#2566','2019-01-04 00:00:00',0),(888,'#2567','2019-01-04 00:00:00',0),(889,'#2568','2019-01-04 00:00:00',0),(890,'#2570','2019-01-04 00:00:00',0),(891,'#2571','2019-01-04 00:00:00',0),(892,'#2572','2019-01-04 00:00:00',0),(893,'#2573','2019-01-04 00:00:00',0),(894,'#2574','2019-01-04 00:00:00',0),(895,'#2575','2019-01-05 00:00:00',0),(896,'#2576','2019-01-05 00:00:00',0),(897,'#2579','2019-01-05 00:00:00',0),(898,'#2580','2019-01-05 00:00:00',0),(899,'#2581','2019-01-05 00:00:00',0),(900,'#2582','2019-01-05 00:00:00',0),(901,'#2583','2019-01-05 00:00:00',0),(902,'#2584','2019-01-05 00:00:00',0),(903,'#2585','2019-01-05 00:00:00',0),(904,'#2586','2019-01-05 00:00:00',0),(905,'#2587','2019-01-05 00:00:00',0),(906,'#2588','2019-01-05 00:00:00',0),(907,'#2589','2019-01-05 00:00:00',0),(908,'#2590','2019-01-05 00:00:00',0),(909,'#2591','2019-01-05 00:00:00',0),(910,'#2592','2019-01-05 00:00:00',0),(911,'#2593','2019-01-05 00:00:00',0),(912,'#2594','2019-01-05 00:00:00',0),(913,'#2595','2019-01-05 00:00:00',0),(914,'#2597','2019-01-05 00:00:00',0),(915,'#2598','2019-01-06 00:00:00',0),(916,'#2599','2019-01-06 00:00:00',0),(917,'#2602','2019-01-06 00:00:00',0),(918,'#2603','2019-01-06 00:00:00',0),(919,'#2604','2019-01-06 00:00:00',0),(920,'#2605','2019-01-06 00:00:00',0),(921,'#2606','2019-01-06 00:00:00',0),(922,'#2607','2019-01-06 00:00:00',0),(923,'#2609','2019-01-06 00:00:00',0),(924,'#2610','2019-01-06 00:00:00',0),(925,'#2611','2019-01-06 00:00:00',0),(926,'#2612','2019-01-06 00:00:00',0),(927,'#2613','2019-01-06 00:00:00',0),(928,'#2614','2019-01-06 00:00:00',0),(929,'#2615','2019-01-06 00:00:00',0),(930,'#2617','2019-01-06 00:00:00',0),(931,'#2618','2019-01-06 00:00:00',0),(932,'#2619','2019-01-06 00:00:00',0),(933,'#2620','2019-01-06 00:00:00',0),(934,'#2621','2019-01-06 00:00:00',0),(935,'#2622','2019-01-06 00:00:00',0),(936,'#2623','2019-01-06 00:00:00',0),(937,'#2624','2019-01-06 00:00:00',0),(938,'#2625','2019-01-06 00:00:00',0),(939,'#2626','2019-01-06 00:00:00',0),(940,'#2627','2019-01-06 00:00:00',0),(941,'#2629','2019-01-06 00:00:00',0),(942,'#2630','2019-01-06 00:00:00',0),(943,'#2631','2019-01-06 00:00:00',0),(944,'#2632','2019-01-06 00:00:00',0),(945,'#2633','2019-01-06 00:00:00',0),(946,'#2634','2019-01-07 00:00:00',0),(947,'#2635','2019-01-07 00:00:00',0),(948,'#2636','2019-01-07 00:00:00',0),(949,'#2637','2019-01-07 00:00:00',0),(950,'#2638','2019-01-07 00:00:00',0),(951,'#2639','2019-01-07 00:00:00',0),(952,'#2640','2019-01-07 00:00:00',0),(953,'#2644','2019-01-07 00:00:00',0),(954,'#2645','2019-01-07 00:00:00',0),(955,'#2646','2019-01-07 00:00:00',0),(956,'#2647','2019-01-07 00:00:00',0),(957,'#2648','2019-01-07 00:00:00',0),(958,'#2649','2019-01-07 00:00:00',0),(959,'#2652','2019-01-07 00:00:00',0),(960,'#2653','2019-01-08 00:00:00',0),(961,'#2654','2019-01-08 00:00:00',0),(962,'#2655','2019-01-08 00:00:00',0),(963,'#2656','2019-01-08 00:00:00',0),(964,'#2657','2019-01-08 00:00:00',0),(965,'#2658','2019-01-08 00:00:00',0),(966,'#2660','2019-01-08 00:00:00',0),(967,'#2661','2019-01-08 00:00:00',0),(968,'#2662','2019-01-08 00:00:00',0),(969,'#2663','2019-01-08 00:00:00',0),(970,'#2664','2019-01-05 00:00:00',0),(971,'#2665','2019-01-05 00:00:00',0),(972,'#2666','2019-01-05 00:00:00',0);
/*!40000 ALTER TABLE `sale` ENABLE KEYS */;
UNLOCK TABLES;

--
-- Table structure for table `sale_item`
--

DROP TABLE IF EXISTS `sale_item`;
/*!40101 SET @saved_cs_client     = @@character_set_client */;
/*!40101 SET character_set_client = utf8 */;
CREATE TABLE `sale_item` (
  `id` int(11) NOT NULL AUTO_INCREMENT,
  `product_id` int(11) NOT NULL,
  `sale_id` int(11) DEFAULT NULL,
  `quantity` smallint(6) NOT NULL,
  PRIMARY KEY (`id`),
  KEY `IDX_A35551FB4584665A` (`product_id`),
  KEY `IDX_A35551FB4A7E4868` (`sale_id`),
  CONSTRAINT `FK_A35551FB4584665A` FOREIGN KEY (`product_id`) REFERENCES `product` (`id`),
  CONSTRAINT `FK_A35551FB4A7E4868` FOREIGN KEY (`sale_id`) REFERENCES `sale` (`id`)
) ENGINE=InnoDB AUTO_INCREMENT=3484 DEFAULT CHARSET=utf8mb4 COLLATE=utf8mb4_unicode_ci;
/*!40101 SET character_set_client = @saved_cs_client */;

--
-- Dumping data for table `sale_item`
--

LOCK TABLES `sale_item` WRITE;
/*!40000 ALTER TABLE `sale_item` DISABLE KEYS */;
INSERT INTO `sale_item` VALUES (788,50,203,1),(789,53,203,1),(790,51,203,1),(791,54,203,2),(792,61,204,1),(793,63,204,1),(794,26,204,2),(795,50,205,2),(796,3,205,2),(797,12,205,4),(798,53,206,1),(799,32,206,1),(800,31,206,1),(801,61,206,1),(802,65,206,1),(803,4,207,1),(804,40,208,1),(805,50,208,2),(806,55,209,2),(807,53,209,3),(808,40,209,2),(809,50,210,3),(810,46,210,1),(811,50,211,3),(812,39,212,1),(813,40,212,1),(814,13,212,1),(815,8,212,1),(816,9,212,1),(817,32,213,1),(818,5,213,1),(819,65,214,1),(820,73,214,1),(821,77,214,1),(822,89,214,2),(823,58,214,2),(824,53,214,1),(825,55,214,2),(826,50,214,2),(827,52,214,2),(828,75,215,1),(829,3,215,1),(830,2,215,1),(831,50,215,3),(832,53,215,5),(833,68,216,1),(834,51,216,2),(835,47,216,2),(836,4,217,1),(837,48,218,1),(838,49,218,1),(839,14,218,1),(840,10,218,1),(841,50,219,1),(842,54,219,1),(843,38,219,1),(844,13,220,1),(845,10,220,1),(846,100,221,1),(847,22,222,1),(848,50,222,3),(849,55,222,1),(850,9,223,1),(851,94,224,1),(852,34,224,1),(853,63,224,1),(854,80,224,1),(855,21,225,1),(856,75,225,1),(857,3,225,2),(858,50,225,2),(859,12,225,2),(860,64,226,1),(861,61,226,1),(862,74,226,1),(863,35,227,1),(864,61,228,1),(865,84,228,1),(866,75,228,1),(867,50,228,3),(868,46,229,1),(869,95,229,1),(870,94,229,1),(871,8,229,1),(872,33,229,1),(873,34,229,1),(874,44,229,1),(875,43,229,1),(876,2,229,1),(877,1,229,1),(878,39,229,1),(879,53,229,1),(880,15,229,1),(881,39,230,1),(882,50,230,3),(883,80,231,1),(884,50,231,1),(885,53,231,1),(886,48,231,1),(887,4,232,1),(888,50,233,3),(889,51,233,3),(890,39,233,1),(891,32,233,3),(892,34,233,1),(893,11,233,1),(894,70,234,1),(895,96,234,1),(896,50,234,4),(897,66,234,1),(898,49,234,2),(899,37,234,1),(900,8,234,1),(901,76,235,1),(902,4,235,1),(903,45,236,1),(904,53,236,2),(905,57,236,3),(906,50,237,2),(907,3,238,1),(908,39,238,1),(909,50,238,3),(910,8,238,1),(911,67,239,1),(912,63,239,2),(913,61,239,3),(914,58,239,1),(915,50,239,2),(916,72,240,2),(917,67,240,2),(918,64,240,6),(919,63,240,1),(920,61,240,3),(921,51,240,2),(922,53,240,3),(923,11,241,1),(924,50,241,1),(925,100,241,1),(926,49,241,1),(927,3,241,1),(928,29,241,1),(929,37,242,1),(930,100,242,1),(931,47,242,1),(932,52,242,1),(933,50,242,2),(934,1,243,1),(935,28,243,1),(936,30,243,1),(937,29,243,1),(938,48,244,2),(939,15,244,1),(940,3,244,1),(941,58,244,3),(942,50,244,2),(943,49,245,1),(944,1,245,1),(945,13,246,1),(946,96,247,1),(947,4,247,1),(948,49,248,1),(949,52,248,2),(950,54,248,2),(951,51,248,3),(952,16,248,1),(953,49,249,1),(954,67,250,1),(955,11,250,1),(956,53,250,2),(957,54,250,1),(958,51,250,3),(959,43,251,1),(960,44,251,1),(961,63,251,1),(962,65,251,1),(963,10,251,1),(964,8,251,1),(965,54,251,2),(966,53,252,1),(967,52,252,1),(968,92,253,1),(969,91,253,1),(970,93,253,1),(971,62,253,10),(972,53,253,2),(973,60,254,1),(974,66,254,1),(975,12,255,1),(976,22,255,1),(977,63,255,1),(978,38,256,1),(979,32,256,1),(980,34,256,1),(981,39,256,1),(982,40,256,1),(983,9,256,1),(984,8,256,1),(985,7,256,1),(986,55,256,1),(987,54,256,4),(988,43,256,4),(989,79,256,1),(990,81,256,1),(991,5,256,1),(992,15,257,1),(993,50,257,2),(994,53,257,1),(995,55,257,1),(996,54,257,2),(997,13,257,1),(998,3,257,1),(999,14,257,1),(1000,61,257,1),(1001,40,257,1),(1002,47,258,1),(1003,50,258,2),(1004,38,258,1),(1005,40,258,1),(1006,39,258,1),(1007,100,258,1),(1008,3,259,2),(1009,50,259,3),(1010,55,259,3),(1011,54,260,2),(1012,50,260,2),(1013,59,260,1),(1014,63,260,1),(1015,66,260,1),(1016,78,260,1),(1017,55,261,1),(1018,6,262,1),(1019,7,262,1),(1020,95,262,1),(1021,97,262,1),(1022,44,262,1),(1023,3,262,1),(1024,90,262,1),(1025,50,262,1),(1026,15,263,1),(1027,96,263,1),(1028,34,264,1),(1029,90,265,1),(1030,70,265,1),(1031,82,265,1),(1032,10,265,1),(1033,13,265,1),(1034,22,265,1),(1035,96,265,1),(1036,40,265,1),(1037,39,265,1),(1038,51,265,2),(1039,99,266,2),(1040,4,266,1),(1041,66,267,1),(1042,15,267,1),(1043,54,267,2),(1044,6,267,1),(1045,14,267,1),(1046,39,267,1),(1047,50,267,4),(1048,38,267,1),(1049,57,268,2),(1050,34,268,1),(1051,28,268,1),(1052,30,268,1),(1053,53,268,4),(1054,50,269,2),(1055,20,270,1),(1056,58,270,2),(1057,6,271,1),(1058,48,271,1),(1059,49,271,1),(1060,39,271,1),(1061,53,272,1),(1062,50,272,1),(1063,53,273,2),(1064,58,273,5),(1065,54,273,5),(1066,50,273,10),(1067,55,273,7),(1068,9,273,1),(1069,39,273,2),(1070,8,273,1),(1071,40,274,3),(1072,16,275,1),(1073,30,276,2),(1074,4,276,2),(1075,55,276,3),(1076,50,276,2),(1077,45,276,1),(1078,96,276,4),(1079,29,276,2),(1080,46,276,4),(1081,53,276,4),(1082,54,276,2),(1083,51,276,2),(1084,54,277,2),(1085,39,277,1),(1086,46,277,2),(1087,31,277,1),(1088,11,277,1),(1089,8,277,1),(1090,16,277,1),(1091,54,278,1),(1092,55,278,2),(1093,53,278,2),(1094,59,278,2),(1095,14,278,1),(1096,66,278,2),(1097,63,278,2),(1098,55,279,2),(1099,50,279,2),(1100,49,280,1),(1101,52,280,1),(1102,32,280,1),(1103,31,280,1),(1104,50,280,6),(1105,23,281,1),(1106,15,281,1),(1107,42,281,1),(1108,49,281,1),(1109,54,281,5),(1110,55,281,10),(1111,50,281,10),(1112,38,282,1),(1113,100,283,4),(1114,21,284,1),(1115,65,284,2),(1116,61,284,1),(1117,54,284,2),(1118,75,285,1),(1119,58,286,1),(1120,55,286,1),(1121,50,286,1),(1122,51,287,1),(1123,4,287,1),(1124,31,287,1),(1125,34,287,1),(1126,77,288,1),(1127,75,288,1),(1128,37,289,1),(1129,30,289,1),(1130,13,289,1),(1131,95,290,1),(1132,54,291,2),(1133,60,292,1),(1134,59,292,2),(1135,28,292,1),(1136,29,292,1),(1137,30,292,1),(1138,67,292,2),(1139,4,293,1),(1140,96,293,2),(1141,32,293,1),(1142,55,293,3),(1143,100,294,1),(1144,10,294,1),(1145,55,294,2),(1146,50,294,3),(1147,55,295,2),(1148,50,295,3),(1149,53,295,3),(1150,13,296,2),(1151,50,297,15),(1152,55,297,10),(1153,32,298,1),(1154,54,299,1),(1155,50,299,1),(1156,7,299,1),(1157,66,300,1),(1158,34,300,1),(1159,17,300,1),(1160,18,300,1),(1161,60,300,1),(1162,57,301,2),(1163,50,301,10),(1164,40,301,2),(1165,39,301,1),(1166,68,302,1),(1167,65,302,1),(1168,63,302,1),(1169,52,303,1),(1170,54,303,2),(1171,55,303,2),(1172,50,303,2),(1173,65,303,2),(1174,14,304,1),(1175,100,304,1),(1176,8,304,1),(1177,28,304,1),(1178,38,304,1),(1179,67,305,1),(1180,34,305,1),(1181,4,305,2),(1182,30,305,1),(1183,53,305,1),(1184,53,306,2),(1185,50,306,2),(1186,33,307,1),(1187,53,307,2),(1188,57,307,2),(1189,50,308,5),(1190,64,309,1),(1191,22,309,1),(1192,23,309,1),(1193,11,309,2),(1194,75,309,1),(1195,70,310,1),(1196,67,310,1),(1197,64,310,1),(1198,61,310,1),(1199,12,310,1),(1200,10,310,1),(1201,8,310,1),(1202,31,310,1),(1203,81,311,1),(1204,54,311,1),(1205,50,311,1),(1206,79,312,1),(1207,67,312,1),(1208,61,313,2),(1209,63,313,3),(1210,65,313,4),(1211,50,313,3),(1212,58,314,1),(1213,81,315,1),(1214,53,315,1),(1215,58,315,1),(1216,67,315,1),(1217,42,316,1),(1218,28,316,2),(1219,6,317,1),(1220,16,317,1),(1221,50,317,5),(1222,30,318,1),(1223,90,318,1),(1224,95,318,1),(1225,10,318,1),(1226,91,319,1),(1227,92,319,1),(1228,12,319,3),(1229,67,320,1),(1230,61,320,1),(1231,43,320,1),(1232,45,321,2),(1233,44,321,2),(1234,58,321,3),(1235,54,321,2),(1236,14,322,2),(1237,57,322,4),(1238,9,322,2),(1239,8,322,2),(1240,95,323,1),(1241,100,323,1),(1242,52,323,1),(1243,50,323,2),(1244,43,323,1),(1245,1,323,1),(1246,28,323,1),(1247,29,323,1),(1248,40,323,1),(1249,64,324,1),(1250,61,324,2),(1251,8,324,1),(1252,12,324,1),(1253,16,324,1),(1254,73,325,1),(1255,38,325,1),(1256,67,325,1),(1257,52,325,3),(1258,50,325,2),(1259,80,326,1),(1260,50,326,1),(1261,53,326,1),(1262,48,326,1),(1263,75,327,1),(1264,82,328,1),(1265,70,328,1),(1266,50,328,1),(1267,52,329,1),(1268,50,329,10),(1269,45,329,2),(1270,4,329,1),(1271,72,330,1),(1272,100,330,2),(1273,48,330,1),(1274,53,330,2),(1275,38,330,1),(1276,9,330,1),(1277,59,331,1),(1278,57,332,1),(1279,52,332,1),(1280,50,332,1),(1281,8,333,1),(1282,50,333,4),(1283,52,333,2),(1284,55,333,2),(1285,57,333,1),(1286,58,333,1),(1287,50,334,1),(1288,55,334,2),(1289,66,334,1),(1290,67,334,1),(1291,34,334,1),(1292,43,335,1),(1293,3,335,3),(1294,39,335,1),(1295,56,335,2),(1296,50,335,5),(1297,55,335,5),(1298,11,336,1),(1299,13,336,1),(1300,38,336,1),(1301,28,336,1),(1302,63,336,1),(1303,56,336,1),(1304,75,337,1),(1305,79,337,1),(1306,41,338,1),(1307,48,338,1),(1308,30,338,2),(1309,39,338,1),(1310,50,339,5),(1311,55,340,2),(1312,56,340,4),(1313,61,340,6),(1314,47,340,1),(1315,67,340,3),(1316,51,341,2),(1317,14,341,1),(1318,3,341,1),(1319,13,341,1),(1320,82,342,1),(1321,100,342,1),(1322,50,342,2),(1323,50,343,2),(1324,100,343,1),(1325,96,344,1),(1326,78,345,1),(1327,8,345,1),(1328,14,345,1),(1329,65,345,1),(1330,63,345,1),(1331,3,346,1),(1332,55,346,2),(1333,2,346,1),(1334,46,347,1),(1335,95,347,1),(1336,94,347,1),(1337,8,347,1),(1338,33,347,1),(1339,34,347,1),(1340,44,347,1),(1341,43,347,1),(1342,2,347,1),(1343,1,347,1),(1344,39,347,1),(1345,53,347,1),(1346,15,347,1),(1347,52,348,2),(1348,70,348,1),(1349,50,348,3),(1350,47,349,1),(1351,40,350,2),(1352,72,350,1),(1353,11,351,1),(1354,50,352,4),(1355,23,352,1),(1356,14,352,1),(1357,49,352,1),(1358,44,353,1),(1359,54,353,1),(1360,56,354,2),(1361,82,355,1),(1362,65,355,1),(1363,63,355,2),(1364,1,355,1),(1365,7,356,1),(1366,100,356,2),(1367,9,356,2),(1368,12,356,1),(1369,16,356,1),(1370,6,356,1),(1371,14,356,1),(1372,34,356,1),(1373,3,356,1),(1374,87,357,1),(1375,98,357,1),(1376,99,357,1),(1377,53,357,3),(1378,55,357,3),(1379,50,357,6),(1380,58,358,1),(1381,96,359,1),(1382,77,360,1),(1383,52,360,2),(1384,55,360,1),(1385,68,360,2),(1386,41,361,1),(1387,61,361,1),(1388,63,361,1),(1389,23,361,1),(1390,26,361,1),(1391,100,361,2),(1392,10,362,1),(1393,60,362,1),(1394,38,362,1),(1395,100,363,1),(1396,4,363,1),(1397,37,363,1),(1398,34,363,1),(1399,67,363,1),(1400,66,363,1),(1401,60,363,1),(1402,70,364,1),(1403,45,364,1),(1404,50,364,1),(1405,52,364,1),(1406,96,365,2),(1407,1,365,1),(1408,79,366,1),(1409,28,366,1),(1410,29,366,1),(1411,56,366,1),(1412,22,367,1),(1413,50,367,2),(1414,22,367,1),(1415,50,367,2),(1416,78,368,1),(1417,11,368,1),(1418,50,368,1),(1419,53,368,1),(1420,66,368,1),(1421,14,369,1),(1422,1,369,1),(1423,50,369,6),(1424,53,369,1),(1425,55,369,2),(1426,58,370,1),(1427,52,370,1),(1428,50,370,3),(1429,79,370,1),(1430,63,371,2),(1431,53,371,1),(1432,50,371,1),(1433,74,371,1),(1434,20,372,2),(1435,4,372,3),(1436,96,372,3),(1437,50,372,5),(1438,55,372,5),(1439,35,373,1),(1440,81,373,1),(1441,52,373,2),(1442,67,373,2),(1443,66,373,1),(1444,60,373,1),(1445,8,374,1),(1446,31,374,2),(1447,37,374,2),(1448,47,374,1),(1449,41,374,2),(1450,58,374,1),(1451,50,374,3),(1452,12,375,1),(1453,10,375,1),(1454,51,375,1),(1455,96,376,1),(1456,23,377,1),(1457,62,377,1),(1458,56,377,1),(1459,55,377,1),(1460,53,377,2),(1461,53,378,1),(1462,66,378,1),(1463,67,378,1),(1464,63,378,2),(1465,7,378,1),(1466,13,378,1),(1467,96,378,1),(1468,8,378,1),(1469,91,379,1),(1470,92,379,1),(1471,65,379,1),(1472,63,379,1),(1473,31,379,1),(1474,55,379,10),(1475,58,379,5),(1476,54,379,10),(1477,33,379,1),(1478,43,379,1),(1479,39,379,1),(1480,57,379,5),(1481,50,379,10),(1482,69,380,2),(1483,77,380,1),(1484,50,380,6),(1485,53,380,4),(1486,55,380,6),(1487,52,380,3),(1488,56,380,5),(1489,56,381,1),(1490,55,381,1),(1491,50,381,1),(1492,29,381,1),(1493,30,381,1),(1494,28,381,1),(1495,59,381,1),(1496,64,381,1),(1497,65,381,1),(1498,39,381,1),(1499,10,382,1),(1500,56,382,1),(1501,67,382,1),(1502,61,382,1),(1503,50,382,2),(1504,61,383,1),(1505,59,383,2),(1506,64,383,2),(1507,65,383,5),(1508,56,384,2),(1509,78,384,1),(1510,85,384,1),(1511,63,384,3),(1512,66,385,1),(1513,67,385,1),(1514,61,385,2),(1515,52,386,1),(1516,50,386,2),(1517,81,386,1),(1518,68,386,2),(1519,11,387,1),(1520,100,387,2),(1521,49,387,1),(1522,54,387,1),(1523,50,387,3),(1524,98,388,1),(1525,65,388,1),(1526,100,388,1),(1527,4,389,1),(1528,51,389,1),(1529,50,389,1),(1530,33,390,1),(1531,37,390,1),(1532,32,390,1),(1533,30,390,1),(1534,65,390,1),(1535,50,390,2),(1536,62,391,1),(1537,64,391,1),(1538,29,391,1),(1539,4,392,1),(1540,96,392,1),(1541,50,392,10),(1542,58,392,2),(1543,81,392,2),(1544,15,393,1),(1545,50,393,5),(1546,55,394,3),(1547,50,394,4),(1548,61,394,3),(1549,100,394,1),(1550,13,395,4),(1551,11,395,4),(1552,12,395,2),(1553,21,396,1),(1554,59,396,1),(1555,30,396,1),(1556,96,396,1),(1557,70,396,2),(1558,75,396,1),(1559,65,396,1),(1560,100,396,1),(1561,61,396,1),(1562,4,397,1),(1563,100,397,2),(1564,50,397,1),(1565,47,397,1),(1566,13,398,2),(1567,40,398,1),(1568,98,399,1),(1569,56,399,2),(1570,53,399,2),(1571,32,400,1),(1572,1,400,1),(1573,59,400,1),(1574,66,400,1),(1575,65,400,1),(1576,70,401,1),(1577,75,401,1),(1578,74,401,1),(1579,50,401,3),(1580,53,401,1),(1581,56,401,3),(1582,33,401,1),(1583,2,401,1),(1584,34,401,1),(1585,1,401,1),(1586,28,401,1),(1587,29,401,1),(1588,30,401,1),(1589,66,401,1),(1590,44,402,2),(1591,2,402,1),(1592,1,402,1),(1593,70,402,1),(1594,15,403,1),(1595,13,403,1),(1596,66,403,1),(1597,8,403,1),(1598,30,404,2),(1599,4,404,1),(1600,56,404,4),(1601,81,405,1),(1602,73,405,1),(1603,45,405,1),(1604,38,405,1),(1605,66,405,1),(1606,58,406,3),(1607,50,406,10),(1608,3,406,1),(1609,21,407,1),(1610,20,407,1),(1611,4,407,2),(1612,40,407,1),(1613,3,407,4),(1614,41,408,1),(1615,37,409,1),(1616,10,409,1),(1617,25,409,1),(1618,4,409,1),(1619,55,410,2),(1620,50,410,2),(1621,60,410,1),(1622,63,410,1),(1623,11,411,4),(1624,100,411,4),(1625,58,411,5),(1626,60,411,1),(1627,64,411,3),(1628,63,411,3),(1629,31,411,4),(1630,52,411,5),(1631,55,411,10),(1632,50,411,10),(1633,11,412,1),(1634,17,412,1),(1635,29,412,1),(1636,30,412,1),(1637,21,412,6),(1638,18,412,2),(1639,95,413,1),(1640,97,413,1),(1641,38,413,1),(1642,4,413,2),(1643,28,413,1),(1644,96,413,1),(1645,50,413,3),(1646,95,413,1),(1647,97,413,1),(1648,38,413,1),(1649,4,413,2),(1650,28,413,1),(1651,96,413,1),(1652,50,413,3),(1653,40,414,1),(1654,7,415,1),(1655,8,415,1),(1656,50,415,2),(1657,55,415,3),(1658,61,415,4),(1659,3,415,2),(1660,49,415,2),(1661,8,416,1),(1662,7,416,1),(1663,50,416,8),(1664,71,416,1),(1665,51,417,1),(1666,55,417,1),(1667,53,417,3),(1668,12,417,1),(1669,96,417,2),(1670,29,417,1),(1671,61,417,1),(1672,63,417,1),(1673,39,418,1),(1674,40,418,1),(1675,53,418,2),(1676,52,418,1),(1677,14,418,2),(1678,12,419,1),(1679,66,419,1),(1680,60,419,2),(1681,14,419,1),(1682,14,420,1),(1683,58,420,2),(1684,50,420,2),(1685,12,420,5),(1686,25,420,1),(1687,23,420,1),(1688,10,421,1),(1689,4,421,1),(1690,56,421,2),(1691,61,421,1),(1692,55,421,3),(1693,58,421,3),(1694,54,421,3),(1695,50,421,4),(1696,66,422,1),(1697,96,422,1),(1698,55,422,3),(1699,50,422,1),(1700,62,423,1),(1701,50,423,2),(1702,50,424,5),(1703,53,424,3),(1704,56,424,5),(1705,46,424,3),(1706,28,424,1),(1707,29,424,1),(1708,30,424,1),(1709,54,425,1),(1710,66,425,1),(1711,56,425,1),(1712,100,426,1),(1713,58,427,2),(1714,62,427,1),(1715,100,428,2),(1716,4,428,1),(1717,16,428,1),(1718,40,428,1),(1719,39,428,2),(1720,50,428,4),(1721,62,429,1),(1722,63,429,1),(1723,37,429,1),(1724,43,429,1),(1725,54,430,1),(1726,4,431,1),(1727,56,432,2),(1728,23,432,1),(1729,45,432,1),(1730,41,432,1),(1731,50,433,3),(1732,50,434,3),(1733,3,434,1),(1734,14,434,1),(1735,1,434,1),(1736,43,435,1),(1737,40,435,1),(1738,63,435,1),(1739,58,436,2),(1740,57,436,5),(1741,50,436,5),(1742,62,436,1),(1743,38,436,1),(1744,61,436,1),(1745,95,437,1),(1746,55,437,1),(1747,58,437,1),(1748,50,437,2),(1749,50,438,1),(1750,8,439,1),(1751,53,439,1),(1752,50,439,2),(1753,76,440,1),(1754,78,440,1),(1755,67,440,1),(1756,61,440,1),(1757,60,441,1),(1758,30,441,1),(1759,75,441,1),(1760,50,441,3),(1761,7,441,1),(1762,14,442,1),(1763,56,442,2),(1764,79,442,1),(1765,58,442,1),(1766,10,443,1),(1767,15,443,1),(1768,55,443,4),(1769,54,443,3),(1770,50,443,2),(1771,55,444,3),(1772,64,445,1),(1773,61,445,2),(1774,96,445,1),(1775,95,446,1),(1776,4,446,1),(1777,64,446,1),(1778,61,446,2),(1779,35,446,1),(1780,32,446,1),(1781,53,447,1),(1782,96,447,2),(1783,3,447,2),(1784,41,447,1),(1785,96,448,1),(1786,60,448,1),(1787,66,448,1),(1788,38,449,1),(1789,50,449,5),(1790,53,449,3),(1791,56,449,3),(1792,50,450,1),(1793,40,450,3),(1794,54,450,3),(1795,71,451,1),(1796,56,451,1),(1797,58,451,1),(1798,54,451,4),(1799,58,452,1),(1800,53,452,1),(1801,57,453,1),(1802,55,453,1),(1803,10,454,1),(1804,45,455,1),(1805,4,455,1),(1806,57,455,1),(1807,32,456,1),(1808,99,456,1),(1809,94,456,1),(1810,67,456,1),(1811,59,456,1),(1812,56,456,5),(1813,53,456,3),(1814,55,457,2),(1815,53,457,1),(1816,76,458,1),(1817,26,458,1),(1818,47,458,1),(1819,98,458,1),(1820,99,458,1),(1821,1,459,1),(1822,40,459,1),(1823,53,460,2),(1824,1,460,1),(1825,53,461,3),(1826,6,461,1),(1827,52,461,2),(1828,63,462,1),(1829,23,463,2),(1830,39,463,3),(1831,57,463,2),(1832,68,464,1),(1833,7,464,1),(1834,10,464,1),(1835,53,464,2),(1836,65,464,1),(1837,66,464,1),(1838,15,465,1),(1839,64,465,1),(1840,61,465,2),(1841,34,466,2),(1842,4,466,2),(1843,54,466,1),(1844,18,467,1),(1845,15,468,1),(1846,14,468,1),(1847,15,469,1),(1848,65,469,1),(1849,3,469,1),(1850,63,469,1),(1851,87,469,1),(1852,90,469,1),(1853,55,469,1),(1854,58,469,1),(1855,64,470,1),(1856,66,470,1),(1857,65,470,1),(1858,61,470,1),(1859,63,470,3),(1860,55,470,3),(1861,38,471,1),(1862,60,471,1),(1863,67,471,1),(1864,4,471,1),(1865,66,472,1),(1866,67,472,1),(1867,29,472,1),(1868,61,472,3),(1869,79,473,1),(1870,10,473,5),(1871,38,473,1),(1872,52,474,3),(1873,54,474,2),(1874,68,474,1),(1875,3,475,1),(1876,65,475,1),(1877,54,476,3),(1878,51,477,1),(1879,99,477,1),(1880,24,478,1),(1881,51,478,1),(1882,54,478,1),(1883,58,478,1),(1884,3,479,1),(1885,68,480,1),(1886,34,480,2),(1887,4,480,1),(1888,100,480,1),(1889,55,481,2),(1890,74,482,1),(1891,77,482,1),(1892,16,482,1),(1893,52,482,1),(1894,3,482,6),(1895,58,483,5),(1896,3,484,1),(1897,34,484,1),(1898,41,484,1),(1899,54,485,1),(1900,55,485,1),(1901,16,485,1),(1902,14,485,1),(1903,41,485,1),(1904,49,485,1),(1905,64,486,2),(1906,54,486,5),(1907,39,487,1),(1908,50,487,4),(1909,58,488,2),(1910,52,488,3),(1911,55,488,2),(1912,14,489,1),(1913,55,489,5),(1914,50,489,6),(1915,51,490,1),(1916,58,490,1),(1917,55,490,1),(1918,50,490,1),(1919,51,491,2),(1920,100,492,1),(1921,25,492,1),(1922,55,492,2),(1923,55,493,2),(1924,13,493,1),(1925,8,493,1),(1926,3,493,1),(1927,61,493,1),(1928,50,494,1),(1929,52,495,1),(1930,29,495,1),(1931,39,495,1),(1932,64,495,1),(1933,30,495,1),(1934,76,496,1),(1935,70,496,1),(1936,36,496,1),(1937,37,496,1),(1938,34,496,1),(1939,7,496,1),(1940,8,496,1),(1941,51,496,1),(1942,51,497,1),(1943,54,497,1),(1944,55,497,1),(1945,13,497,2),(1946,43,497,1),(1947,40,497,1),(1948,62,498,1),(1949,37,498,1),(1950,32,498,1),(1951,39,498,1),(1952,100,499,1),(1953,4,499,2),(1954,32,499,1),(1955,67,499,1),(1956,13,500,2),(1957,22,500,1),(1958,61,500,1),(1959,52,500,1),(1960,100,501,1),(1961,51,501,4),(1962,20,502,2),(1963,42,503,1),(1964,49,503,1),(1965,50,503,3),(1966,7,504,1),(1967,86,504,1),(1968,14,504,1),(1969,55,505,1),(1970,50,505,1),(1971,8,505,2),(1972,55,506,5),(1973,7,506,1),(1974,24,507,1),(1975,37,507,1),(1976,58,507,1),(1977,50,507,1),(1978,67,507,1),(1979,65,507,1),(1980,4,507,1),(1981,100,507,1),(1982,96,507,1),(1983,66,508,1),(1984,78,508,1),(1985,100,509,1),(1986,96,509,1),(1987,58,510,2),(1988,45,510,1),(1989,55,510,2),(1990,50,510,20),(1991,8,510,1),(1992,52,510,1),(1993,100,511,2),(1994,49,511,1),(1995,50,511,1),(1996,12,512,5),(1997,79,512,1),(1998,38,512,1),(1999,25,513,1),(2000,8,513,1),(2001,55,513,3),(2002,14,514,2),(2003,55,514,20),(2004,4,515,1),(2005,48,515,1),(2006,15,515,1),(2007,43,515,1),(2008,57,515,1),(2009,40,516,1),(2010,50,516,1),(2011,55,516,2),(2012,50,517,5),(2013,63,517,4),(2014,100,517,4),(2015,61,517,2),(2016,11,518,1),(2017,48,518,1),(2018,32,519,1),(2019,68,519,1),(2020,15,519,1),(2021,55,519,1),(2022,58,519,1),(2023,54,519,1),(2024,52,519,1),(2025,31,520,1),(2026,32,520,1),(2027,34,520,1),(2028,57,520,1),(2029,55,520,5),(2030,51,520,5),(2031,29,521,1),(2032,28,521,1),(2033,32,522,1),(2034,34,522,1),(2035,100,523,1),(2036,96,523,1),(2037,34,523,1),(2038,30,523,1),(2039,67,523,1),(2040,50,524,7),(2041,54,524,2),(2042,55,524,2),(2043,38,524,1),(2044,92,524,1),(2045,50,525,7),(2046,2,525,1),(2047,30,526,1),(2048,31,526,2),(2049,50,526,4),(2050,99,527,1),(2051,97,527,1),(2052,98,527,1),(2053,25,527,1),(2054,2,527,1),(2055,7,527,1),(2056,1,527,1),(2057,8,527,1),(2058,42,527,1),(2059,58,527,2),(2060,50,527,1),(2061,55,528,1),(2062,50,528,1),(2063,100,529,1),(2064,32,530,1),(2065,34,530,1),(2066,63,530,1),(2067,38,530,1),(2068,96,531,1),(2069,100,532,1),(2070,24,532,1),(2071,25,532,1),(2072,54,532,3),(2073,50,532,2),(2074,22,533,1),(2075,13,533,1),(2076,4,533,1),(2077,100,533,1),(2078,55,534,3),(2079,38,534,1),(2080,70,535,1),(2081,50,535,3),(2082,12,535,1),(2083,35,536,1),(2084,31,536,1),(2085,43,536,1),(2086,98,537,1),(2087,66,537,2),(2088,67,537,1),(2089,50,538,1),(2090,45,539,1),(2091,1,539,1),(2092,88,539,1),(2093,58,540,1),(2094,54,540,1),(2095,55,540,1),(2096,50,540,5),(2097,11,541,2),(2098,26,541,2),(2099,55,542,3),(2100,79,543,1),(2101,52,543,1),(2102,58,543,2),(2103,50,543,2),(2104,26,544,1),(2105,11,544,1),(2106,12,544,1),(2107,52,544,3),(2108,61,545,1),(2109,98,545,1),(2110,56,546,5),(2111,58,546,2),(2112,50,547,1),(2113,50,548,1),(2114,66,548,1),(2115,67,548,1),(2116,63,548,1),(2117,73,548,1),(2118,51,549,5),(2119,55,549,3),(2120,11,550,1),(2121,70,551,4),(2122,61,552,1),(2123,38,553,1),(2124,44,553,2),(2125,53,553,3),(2126,50,553,5),(2127,56,553,5),(2128,50,554,5),(2129,50,555,1),(2130,99,555,1),(2131,97,555,1),(2132,23,555,1),(2133,49,555,1),(2134,71,556,1),(2135,45,557,1),(2136,29,557,1),(2137,14,557,1),(2138,77,557,1),(2139,4,558,1),(2140,32,558,1),(2141,87,559,1),(2142,50,559,3),(2143,52,559,2),(2144,46,560,1),(2145,47,560,1),(2146,27,560,1),(2147,24,560,1),(2148,23,560,1),(2149,22,560,1),(2150,73,561,1),(2151,50,562,4),(2152,54,562,2),(2153,12,563,1),(2154,41,563,1),(2155,50,563,3),(2156,73,564,1),(2157,98,564,1),(2158,43,564,1),(2159,48,564,1),(2160,41,564,1),(2161,28,564,1),(2162,49,564,1),(2163,40,564,1),(2164,29,564,1),(2165,13,564,1),(2166,13,565,1),(2167,50,565,3),(2168,75,565,1),(2169,50,566,1),(2170,54,566,1),(2171,4,566,1),(2172,52,567,1),(2173,53,568,1),(2174,6,568,1),(2175,2,568,1),(2176,65,569,1),(2177,56,570,1),(2178,50,570,1),(2179,49,570,1),(2180,33,571,1),(2181,2,571,1),(2182,20,571,1),(2183,45,571,1),(2184,30,571,1),(2185,40,571,2),(2186,50,571,2),(2187,31,572,3),(2188,64,572,2),(2189,89,573,1),(2190,12,574,1),(2191,56,575,1),(2192,1,576,1),(2193,7,576,1),(2194,13,577,3),(2195,53,577,1),(2196,40,577,2),(2197,56,578,5),(2198,29,578,1),(2199,30,578,1),(2200,65,578,1),(2201,66,578,1),(2202,67,578,1),(2203,67,579,1),(2204,61,579,1),(2205,22,580,1),(2206,38,581,1),(2207,98,581,1),(2208,13,581,1),(2209,50,581,2),(2210,13,582,1),(2211,53,583,3),(2212,50,584,10),(2213,10,585,1),(2214,59,585,1),(2215,63,585,2),(2216,46,586,2),(2217,56,586,1),(2218,51,586,1),(2219,37,586,2),(2220,60,586,1),(2221,40,586,1),(2222,49,587,1),(2223,75,588,1),(2224,50,588,1),(2225,4,588,1),(2226,11,589,1),(2227,50,589,1),(2228,31,590,1),(2229,65,590,1),(2230,59,590,1),(2231,32,590,1),(2232,8,591,1),(2233,7,591,1),(2234,56,591,3),(2235,45,592,1),(2236,44,592,1),(2237,41,592,1),(2238,13,592,1),(2239,52,593,1),(2240,50,593,2),(2241,8,594,1),(2242,56,594,1),(2243,50,594,1),(2244,40,595,1),(2245,45,595,1),(2246,31,596,1),(2247,30,596,1),(2248,63,596,1),(2249,66,596,1),(2250,67,596,1),(2251,53,596,2),(2252,50,597,2),(2253,31,598,1),(2254,34,598,1),(2255,67,598,1),(2256,10,599,1),(2257,27,599,1),(2258,32,599,1),(2259,50,599,1),(2260,61,600,1),(2261,68,600,1),(2262,12,600,1),(2263,40,600,1),(2264,56,600,3),(2265,50,600,2),(2266,37,601,1),(2267,60,601,1),(2268,8,602,1),(2269,16,603,1),(2270,15,604,1),(2271,60,605,1),(2272,44,605,1),(2273,45,605,1),(2274,65,605,1),(2275,61,605,1),(2276,62,605,1),(2277,100,606,1),(2278,30,606,1),(2279,61,607,1),(2280,10,607,2),(2281,12,607,2),(2282,12,608,1),(2283,38,608,1),(2284,80,608,1),(2285,50,609,3),(2286,50,610,3),(2287,55,610,3),(2288,72,610,1),(2289,80,610,1),(2290,51,611,6),(2291,36,611,1),(2292,38,611,2),(2293,37,611,2),(2294,53,611,4),(2295,52,611,1),(2296,60,612,2),(2297,50,613,1),(2298,54,613,5),(2299,14,613,1),(2300,14,614,1),(2301,44,615,2),(2302,45,615,2),(2303,54,615,4),(2304,55,615,5),(2305,4,615,2),(2306,73,616,1),(2307,82,616,1),(2308,52,617,2),(2309,38,618,1),(2310,58,618,3),(2311,10,618,1),(2312,29,618,1),(2313,97,619,1),(2314,94,619,2),(2315,62,619,2),(2316,54,619,1),(2317,50,619,1),(2318,53,619,1),(2319,55,619,1),(2320,82,619,1),(2321,64,620,1),(2322,90,620,1),(2323,54,620,1),(2324,50,620,1),(2325,1,621,1),(2326,4,621,1),(2327,55,621,2),(2328,58,621,1),(2329,57,621,1),(2330,54,621,1),(2331,51,621,2),(2332,36,622,1),(2333,32,622,1),(2334,60,622,1),(2335,49,622,1),(2336,40,622,2),(2337,66,622,1),(2338,61,622,1),(2339,50,623,10),(2340,54,624,1),(2341,56,624,1),(2342,55,625,2),(2343,50,625,5),(2344,41,626,1),(2345,45,626,1),(2346,64,626,1),(2347,66,626,1),(2348,4,626,1),(2349,63,626,1),(2350,61,626,1),(2351,33,627,2),(2352,31,627,2),(2353,55,627,6),(2354,11,627,4),(2355,68,627,3),(2356,50,627,20),(2357,55,628,2),(2358,13,628,1),(2359,40,628,1),(2360,2,628,1),(2361,61,628,1),(2362,54,628,3),(2363,7,629,1),(2364,53,629,1),(2365,54,629,1),(2366,29,629,1),(2367,75,629,1),(2368,3,629,2),(2369,50,630,15),(2370,15,630,1),(2371,56,631,1),(2372,54,631,2),(2373,50,631,3),(2374,55,631,3),(2375,4,631,2),(2376,70,632,2),(2377,4,633,2),(2378,11,633,1),(2379,61,633,4),(2380,13,634,1),(2381,50,634,1),(2382,64,635,1),(2383,65,635,1),(2384,61,635,1),(2385,3,635,1),(2386,7,635,1),(2387,56,636,3),(2388,32,636,1),(2389,1,636,1),(2390,34,636,1),(2391,3,636,2),(2392,64,636,1),(2393,88,637,1),(2394,68,637,1),(2395,56,637,2),(2396,53,637,2),(2397,50,637,10),(2398,45,637,1),(2399,74,637,1),(2400,8,638,1),(2401,41,638,1),(2402,14,638,1),(2403,75,638,1),(2404,4,639,3),(2405,12,639,2),(2406,77,640,1),(2407,13,640,1),(2408,51,641,2),(2409,13,641,1),(2410,4,641,1),(2411,30,641,1),(2412,38,641,1),(2413,64,641,1),(2414,40,641,1),(2415,31,642,1),(2416,73,642,1),(2417,100,642,3),(2418,3,643,1),(2419,56,643,2),(2420,56,644,10),(2421,53,644,5),(2422,50,645,2),(2423,44,645,1),(2424,78,645,1),(2425,74,645,1),(2426,11,646,1),(2427,61,646,1),(2428,66,646,1),(2429,50,646,1),(2430,50,647,3),(2431,61,647,3),(2432,3,648,2),(2433,50,648,2),(2434,4,649,2),(2435,55,649,1),(2436,22,649,1),(2437,13,649,2),(2438,80,650,1),(2439,32,651,1),(2440,65,651,1),(2441,64,651,1),(2442,54,651,1),(2443,99,652,1),(2444,97,652,1),(2445,57,652,1),(2446,55,652,3),(2447,50,652,7),(2448,80,653,1),(2449,61,653,1),(2450,99,654,1),(2451,98,654,1),(2452,69,654,1),(2453,51,654,2),(2454,34,654,1),(2455,11,654,2),(2456,4,655,1),(2457,1,655,1),(2458,40,655,1),(2459,50,655,1),(2460,30,656,1),(2461,67,656,1),(2462,66,656,1),(2463,63,656,1),(2464,56,656,1),(2465,50,656,1),(2466,68,656,1),(2467,4,656,1),(2468,14,657,1),(2469,58,657,5),(2470,56,657,5),(2471,50,657,10),(2472,50,658,1),(2473,12,658,1),(2474,13,658,1),(2475,65,658,1),(2476,63,658,1),(2477,65,659,1),(2478,100,659,1),(2479,63,660,1),(2480,64,661,1),(2481,27,662,1),(2482,50,662,2),(2483,81,662,1),(2484,71,662,1),(2485,26,663,1),(2486,15,663,1),(2487,52,663,1),(2488,54,663,1),(2489,53,663,1),(2490,50,663,2),(2491,29,664,1),(2492,64,664,1),(2493,63,664,1),(2494,53,665,3),(2495,40,665,2),(2496,50,665,4),(2497,51,666,1),(2498,78,666,1),(2499,36,666,2),(2500,66,666,1),(2501,15,667,1),(2502,52,667,2),(2503,55,667,5),(2504,80,667,1),(2505,100,668,2),(2506,53,668,2),(2507,52,668,2),(2508,50,668,5),(2509,70,669,1),(2510,15,669,1),(2511,56,669,2),(2512,31,670,1),(2513,34,670,1),(2514,13,670,1),(2515,8,670,2),(2516,40,671,2),(2517,63,671,1),(2518,21,671,10),(2519,18,671,4),(2520,54,672,3),(2521,76,672,2),(2522,52,673,1),(2523,50,674,2),(2524,54,675,1),(2525,64,676,3),(2526,16,676,1),(2527,41,676,1),(2528,61,676,4),(2529,1,677,1),(2530,50,677,9),(2531,15,677,1),(2532,50,678,2),(2533,12,678,1),(2534,26,678,1),(2535,50,679,3),(2536,12,679,1),(2537,74,680,1),(2538,77,680,1),(2539,16,680,1),(2540,52,680,1),(2541,3,680,6),(2542,53,681,2),(2543,93,681,2),(2544,92,681,1),(2545,10,681,1),(2546,12,681,1),(2547,51,682,3),(2548,55,682,4),(2549,32,682,1),(2550,35,683,1),(2551,100,683,1),(2552,62,683,2),(2553,31,683,1),(2554,45,683,1),(2555,41,683,1),(2556,34,683,1),(2557,14,683,1),(2558,63,683,2),(2559,13,684,1),(2560,66,684,1),(2561,4,684,1),(2562,100,684,1),(2563,61,684,1),(2564,52,685,1),(2565,30,686,1),(2566,66,687,1),(2567,11,687,1),(2568,55,687,1),(2569,53,687,2),(2570,4,688,1),(2571,80,688,1),(2572,50,688,3),(2573,44,689,2),(2574,4,690,2),(2575,54,690,1),(2576,50,690,2),(2577,67,691,2),(2578,60,691,1),(2579,61,691,2),(2580,71,691,1),(2581,66,691,1),(2582,72,691,2),(2583,53,691,4),(2584,55,692,1),(2585,98,692,1),(2586,43,692,1),(2587,34,692,1),(2588,11,692,1),(2589,67,692,1),(2590,66,692,1),(2591,100,692,1),(2592,63,693,1),(2593,56,693,1),(2594,11,694,1),(2595,55,694,4),(2596,44,695,2),(2597,50,696,1),(2598,54,696,2),(2599,55,696,2),(2600,15,697,1),(2601,23,697,2),(2602,24,697,1),(2603,56,697,2),(2604,80,697,1),(2605,10,698,2),(2606,51,699,2),(2607,56,699,3),(2608,98,699,1),(2609,39,699,2),(2610,40,699,1),(2611,73,699,2),(2612,72,700,1),(2613,50,700,5),(2614,59,701,1),(2615,66,701,1),(2616,4,701,1),(2617,80,701,1),(2618,91,701,1),(2619,56,701,2),(2620,54,701,1),(2621,50,701,2),(2622,100,701,1),(2623,68,702,2),(2624,50,703,2),(2625,60,703,1),(2626,13,703,1),(2627,66,703,1),(2628,71,703,1),(2629,51,704,1),(2630,78,704,1),(2631,36,704,2),(2632,66,704,1),(2633,96,705,1),(2634,61,705,1),(2635,80,706,1),(2636,96,707,2),(2637,53,707,1),(2638,60,707,1),(2639,29,707,1),(2640,64,707,1),(2641,66,707,1),(2642,61,707,2),(2643,13,708,2),(2644,43,708,1),(2645,51,708,1),(2646,55,708,1),(2647,54,708,1),(2648,4,709,1),(2649,64,709,1),(2650,61,709,2),(2651,51,710,10),(2652,55,710,2),(2653,50,710,5),(2654,14,710,1),(2655,60,711,1),(2656,54,711,1),(2657,58,711,2),(2658,3,711,2),(2659,96,712,1),(2660,28,712,1),(2661,30,712,1),(2662,61,712,1),(2663,55,712,2),(2664,40,713,1),(2665,67,713,2),(2666,51,713,1),(2667,55,713,1),(2668,57,713,3),(2669,58,713,2),(2670,55,714,2),(2671,50,714,5),(2672,64,714,1),(2673,58,715,2),(2674,53,715,1),(2675,72,715,1),(2676,47,716,1),(2677,61,716,4),(2678,22,717,1),(2679,55,717,2),(2680,50,717,2),(2681,40,717,1),(2683,8,719,1),(2684,34,719,1),(2685,33,719,1),(2686,61,719,2),(2687,53,720,1),(2688,55,720,1),(2689,3,721,1),(2690,74,721,1),(2691,56,721,1),(2692,53,721,2),(2693,58,722,1),(2694,50,722,1),(2695,2,723,1),(2696,8,723,1),(2697,5,723,1),(2698,13,724,2),(2699,12,725,1),(2700,10,725,1),(2701,80,725,2),(2702,56,725,7),(2703,55,725,3),(2704,53,725,3),(2705,50,725,3),(2706,14,725,1),(2707,67,725,1),(2708,66,725,1),(2709,4,726,2),(2710,57,727,1),(2711,80,727,1),(2712,55,728,2),(2713,53,728,3),(2714,39,729,1),(2715,55,730,2),(2716,96,730,3),(2717,30,730,1),(2718,12,731,1),(2719,61,731,1),(2720,92,731,1),(2721,80,731,2),(2722,39,732,3),(2723,52,732,1),(2724,56,732,2),(2725,54,732,1),(2726,50,732,1),(2727,58,733,1),(2728,8,733,1),(2729,46,734,2),(2730,50,735,3),(2731,60,736,1),(2732,67,736,1),(2733,61,736,2),(2734,32,737,1),(2735,4,737,1),(2736,96,737,4),(2737,53,737,1),(2738,5,738,1),(2739,32,738,1),(2740,7,738,1),(2741,50,738,2),(2742,56,739,10),(2743,52,739,8),(2744,21,740,2),(2745,20,740,2),(2746,4,740,4),(2747,3,740,2),(2748,10,741,1),(2749,56,741,1),(2750,61,741,2),(2751,59,741,2),(2752,64,741,2),(2753,63,741,1),(2754,47,742,1),(2755,50,743,1),(2756,54,743,1),(2757,58,743,1),(2758,100,743,4),(2759,1,743,1),(2760,3,743,1),(2761,40,744,1),(2762,50,744,1),(2763,3,745,1),(2764,50,745,10),(2765,55,746,4),(2766,53,747,3),(2767,55,747,10),(2768,50,747,2),(2769,52,748,5),(2770,54,748,10),(2771,100,749,1),(2772,4,749,1),(2773,38,750,1),(2774,4,750,1),(2775,54,750,1),(2776,50,750,1),(2777,24,751,1),(2778,17,751,1),(2779,1,752,1),(2780,3,752,1),(2781,63,752,2),(2782,11,752,2),(2783,50,753,4),(2784,14,754,1),(2785,7,755,1),(2786,50,755,2),(2787,48,756,1),(2788,62,756,1),(2789,63,756,1),(2790,61,756,1),(2791,66,756,1),(2792,21,757,2),(2793,14,757,1),(2794,70,757,1),(2795,50,757,3),(2796,29,758,1),(2797,23,758,1),(2798,60,758,1),(2799,66,758,1),(2800,14,759,1),(2801,55,759,3),(2802,10,760,1),(2803,58,760,4),(2804,53,760,1),(2805,50,760,3),(2806,55,760,3),(2807,50,761,10),(2808,27,762,1),(2809,42,762,1),(2810,40,762,4),(2811,77,762,1),(2812,48,762,1),(2813,28,762,1),(2814,52,762,1),(2815,50,762,10),(2816,40,763,1),(2817,4,763,1),(2818,86,764,1),(2819,54,764,4),(2820,28,764,1),(2821,52,765,1),(2822,57,765,1),(2823,3,766,1),(2824,11,767,2),(2825,10,768,1),(2826,54,768,1),(2827,96,769,1),(2828,11,769,2),(2829,50,770,2),(2830,50,771,4),(2831,4,771,1),(2832,8,772,1),(2833,58,772,2),(2834,14,772,1),(2835,33,772,1),(2836,33,773,1),(2837,31,773,1),(2838,65,773,2),(2839,63,773,2),(2840,56,773,1),(2841,54,773,4),(2842,55,773,12),(2843,50,773,6),(2844,43,773,3),(2845,50,774,1),(2846,12,774,1),(2847,58,775,2),(2848,52,775,1),(2849,38,776,1),(2850,55,776,2),(2851,98,777,1),(2852,33,777,1),(2853,22,777,1),(2854,39,778,1),(2855,77,778,1),(2856,96,779,1),(2857,64,780,1),(2858,22,780,1),(2859,96,780,1),(2860,50,781,4),(2861,54,781,3),(2862,55,781,3),(2863,56,781,3),(2864,57,781,1),(2865,12,781,1),(2866,3,781,2),(2867,63,781,1),(2868,3,782,2),(2869,50,782,2),(2870,58,782,1),(2871,63,783,1),(2872,54,784,1),(2873,3,785,2),(2874,12,785,5),(2875,40,786,1),(2876,61,786,3),(2877,54,786,3),(2878,66,786,1),(2879,80,787,1),(2880,58,788,5),(2881,54,789,4),(2882,38,790,1),(2883,32,790,1),(2884,4,790,1),(2885,11,790,1),(2886,100,790,1),(2887,65,790,1),(2888,63,790,1),(2889,13,791,2),(2890,12,791,1),(2891,27,791,1),(2892,8,791,1),(2893,80,791,1),(2894,55,791,2),(2895,53,791,1),(2896,3,791,1),(2897,39,791,2),(2898,4,792,2),(2899,83,793,1),(2900,54,793,4),(2901,45,793,3),(2902,20,793,3),(2903,55,794,4),(2904,50,794,4),(2905,12,795,1),(2906,22,795,1),(2907,56,796,3),(2908,1,796,1),(2909,64,796,2),(2910,63,796,2),(2911,61,796,2),(2912,46,797,1),(2913,39,797,3),(2914,40,797,1),(2915,93,797,1),(2916,56,797,1),(2917,50,797,1),(2918,58,797,1),(2919,33,798,1),(2920,32,798,1),(2921,66,799,1),(2922,70,799,1),(2923,51,799,2),(2924,56,799,2),(2925,55,799,1),(2926,13,799,1),(2927,8,800,1),(2928,50,800,2),(2929,54,800,2),(2930,55,800,2),(2931,99,801,1),(2932,55,801,1),(2933,58,802,2),(2934,56,802,2),(2935,55,803,1),(2936,56,803,2),(2937,58,803,1),(2938,4,803,1),(2939,39,803,1),(2940,3,803,1),(2941,3,804,1),(2942,57,804,2),(2943,50,804,2),(2944,90,805,1),(2945,54,805,1),(2946,11,805,1),(2947,13,805,1),(2948,20,805,1),(2949,61,805,1),(2950,40,806,2),(2951,56,806,4),(2952,64,806,1),(2953,63,806,1),(2954,60,806,2),(2955,55,806,10),(2956,50,806,10),(2957,52,806,5),(2958,55,807,3),(2959,38,808,1),(2960,39,808,1),(2961,40,808,1),(2962,20,809,1),(2963,55,809,1),(2964,52,809,1),(2965,53,809,1),(2966,56,809,1),(2967,58,809,1),(2968,63,809,1),(2969,61,809,1),(2970,12,810,1),(2971,50,810,3),(2972,52,810,2),(2973,3,810,2),(2974,17,811,1),(2975,53,811,2),(2976,55,811,2),(2977,7,811,2),(2978,96,811,2),(2979,78,812,1),(2980,38,812,1),(2981,11,812,1),(2982,13,812,1),(2983,61,812,4),(2984,53,812,1),(2985,92,813,1),(2986,4,814,1),(2987,10,814,1),(2988,59,815,1),(2989,65,815,4),(2990,63,815,2),(2991,61,815,2),(2992,50,815,2),(2993,16,815,1),(2994,82,816,1),(2995,71,816,1),(2996,75,816,1),(2997,74,816,1),(2998,78,816,1),(2999,1,817,1),(3000,53,817,2),(3001,8,818,1),(3002,12,818,1),(3003,45,819,1),(3004,50,820,2),(3005,26,820,2),(3006,25,820,3),(3007,11,820,2),(3008,39,821,1),(3009,50,821,1),(3010,70,821,1),(3011,1,822,1),(3012,3,822,2),(3013,55,822,1),(3014,55,823,1),(3015,53,823,1),(3016,61,823,1),(3017,12,823,1),(3018,8,824,2),(3019,39,825,4),(3020,55,825,4),(3021,64,826,2),(3022,40,826,1),(3023,12,827,1),(3024,100,828,1),(3025,4,828,1),(3026,66,828,1),(3027,67,828,2),(3028,64,828,1),(3029,31,828,2),(3030,32,828,1),(3031,50,829,1),(3032,10,829,1),(3033,13,829,1),(3034,6,829,1),(3035,41,829,1),(3036,45,829,1),(3037,40,829,1),(3038,3,829,2),(3039,50,830,1),(3040,3,830,2),(3041,12,830,1),(3042,10,830,1),(3043,15,830,1),(3044,53,831,1),(3045,58,832,1),(3046,56,832,4),(3047,50,832,5),(3048,63,832,1),(3049,100,832,3),(3050,38,833,1),(3051,67,833,1),(3052,13,834,1),(3053,100,834,1),(3054,50,834,1),(3055,68,835,1),(3056,26,835,2),(3057,50,835,1),(3058,63,836,1),(3059,3,837,1),(3060,61,838,5),(3061,100,839,2),(3062,13,839,1),(3063,10,840,1),(3064,12,840,1),(3065,39,840,2),(3066,56,841,1),(3067,16,841,1),(3068,45,841,1),(3069,52,841,1),(3070,82,842,1),(3071,4,842,1),(3072,34,843,1),(3073,64,844,1),(3074,61,844,1),(3075,30,844,1),(3076,28,844,1),(3077,55,844,1),(3078,53,844,1),(3079,54,844,1),(3080,55,845,1),(3081,50,845,1),(3082,6,845,1),(3083,15,845,2),(3084,47,845,1),(3085,39,845,1),(3086,36,846,1),(3087,81,846,1),(3088,3,846,2),(3089,61,847,1),(3090,4,847,1),(3091,40,847,1),(3092,15,848,1),(3093,4,848,1),(3094,25,849,1),(3095,56,849,1),(3096,65,850,1),(3097,63,850,2),(3098,53,850,2),(3099,61,850,4),(3100,55,851,5),(3101,50,851,5),(3102,25,851,3),(3103,15,851,1),(3104,39,851,1),(3105,40,851,1),(3106,3,851,1),(3107,56,852,1),(3108,38,853,1),(3109,61,853,1),(3110,56,853,1),(3111,54,853,1),(3112,92,853,1),(3113,3,854,1),(3114,61,854,1),(3115,39,854,1),(3116,40,854,1),(3117,7,854,1),(3118,42,855,4),(3119,50,855,4),(3120,24,855,1),(3121,26,855,1),(3122,58,855,3),(3123,41,855,2),(3124,96,856,1),(3125,39,856,1),(3126,7,857,1),(3127,8,857,1),(3128,37,857,1),(3129,33,857,3),(3130,66,857,1),(3131,67,857,1),(3132,3,857,2),(3133,56,858,1),(3134,55,858,5),(3135,71,859,1),(3136,15,859,1),(3137,31,859,1),(3138,50,859,4),(3139,55,860,1),(3140,54,860,1),(3141,66,860,1),(3142,50,860,2),(3143,29,860,1),(3144,96,860,1),(3145,100,861,1),(3146,35,861,1),(3147,47,862,1),(3148,67,862,1),(3149,63,862,3),(3150,100,863,1),(3151,37,864,1),(3152,67,864,1),(3153,67,865,1),(3154,14,866,2),(3155,55,866,10),(3156,100,867,1),(3157,34,867,2),(3158,33,867,1),(3159,15,867,1),(3160,23,868,1),(3161,60,869,1),(3162,64,869,1),(3163,13,869,2),(3164,100,869,2),(3165,86,869,1),(3166,49,869,1),(3167,40,869,1),(3168,100,870,1),(3169,11,870,1),(3170,13,870,1),(3171,50,870,1),(3172,69,870,1),(3173,4,871,1),(3174,66,871,1),(3175,65,871,2),(3176,35,871,1),(3177,33,871,1),(3178,38,871,1),(3179,66,872,1),(3180,59,873,1),(3181,65,873,1),(3182,34,873,1),(3183,38,873,1),(3184,50,873,2),(3185,52,873,2),(3186,10,874,1),(3187,11,874,1),(3188,76,874,1),(3189,73,875,1),(3190,61,875,1),(3191,100,876,1),(3192,49,876,1),(3193,14,876,1),(3194,67,876,1),(3195,3,876,1),(3196,74,876,1),(3197,73,876,1),(3198,86,877,1),(3199,55,877,1),(3200,50,877,1),(3201,6,878,1),(3202,34,878,1),(3203,70,878,2),(3204,66,879,2),(3205,67,879,1),(3206,61,879,1),(3207,50,879,1),(3208,40,880,1),(3209,6,881,1),(3210,1,881,1),(3211,3,881,1),(3212,40,881,1),(3213,50,881,2),(3214,4,882,1),(3215,61,882,1),(3216,67,883,1),(3217,13,883,1),(3218,61,883,1),(3219,96,883,1),(3220,22,884,1),(3221,90,885,1),(3222,50,885,2),(3223,68,886,1),(3224,20,886,1),(3225,61,886,1),(3226,91,887,5),(3227,84,887,3),(3228,92,887,3),(3229,62,888,1),(3230,66,888,1),(3231,3,888,1),(3232,68,889,1),(3233,96,889,1),(3234,55,889,1),(3235,92,890,1),(3236,96,890,1),(3237,13,891,1),(3238,22,891,1),(3239,96,891,1),(3240,31,891,1),(3241,3,891,1),(3242,13,892,2),(3243,100,892,1),(3244,60,892,2),(3245,3,892,2),(3246,22,893,1),(3247,48,893,1),(3248,60,893,1),(3249,40,893,1),(3250,38,894,1),(3251,13,894,1),(3252,63,894,3),(3253,21,895,8),(3254,18,895,3),(3255,40,895,2),(3256,22,896,1),(3257,63,896,2),(3258,50,897,1),(3259,73,898,1),(3260,96,898,1),(3261,50,899,3),(3262,38,900,1),(3263,13,900,1),(3264,55,900,2),(3265,96,901,1),(3266,50,901,2),(3267,92,902,1),(3268,54,902,1),(3269,8,902,1),(3270,61,903,1),(3271,38,904,1),(3272,55,905,1),(3273,50,905,1),(3274,61,906,1),(3275,20,907,1),(3276,4,907,1),(3277,30,907,1),(3278,59,907,1),(3279,64,907,1),(3280,65,907,1),(3281,63,907,1),(3282,61,907,1),(3283,14,907,1),(3284,3,907,1),(3285,46,907,1),(3286,44,907,1),(3287,38,908,1),(3288,34,908,1),(3289,67,908,1),(3290,66,908,1),(3291,68,909,1),(3292,13,909,1),(3293,66,909,1),(3294,4,909,1),(3295,12,910,1),(3296,67,910,1),(3297,50,911,1),(3298,47,911,1),(3299,38,911,1),(3300,77,912,1),(3301,73,912,1),(3302,30,912,1),(3303,10,913,1),(3304,55,913,2),(3305,50,913,2),(3306,65,913,1),(3307,50,914,3),(3308,8,914,1),(3309,3,914,5),(3310,50,915,1),(3311,48,915,1),(3312,82,916,1),(3313,81,916,1),(3314,13,916,1),(3315,100,916,1),(3316,36,916,2),(3317,33,916,2),(3318,63,916,1),(3319,67,916,1),(3320,61,916,2),(3321,55,917,5),(3322,50,917,6),(3323,61,918,2),(3324,96,918,2),(3325,41,918,1),(3326,59,918,1),(3327,67,919,1),(3328,64,920,1),(3329,62,920,1),(3330,3,920,5),(3331,47,920,1),(3332,40,920,2),(3333,54,921,1),(3334,43,922,1),(3335,63,922,1),(3336,34,922,2),(3337,28,922,1),(3338,29,922,2),(3339,69,923,1),(3340,21,923,1),(3341,62,923,1),(3342,65,923,1),(3343,64,924,1),(3344,65,924,1),(3345,50,924,1),(3346,55,924,1),(3347,54,924,1),(3348,11,925,1),(3349,45,925,2),(3350,40,925,2),(3351,31,925,1),(3352,3,925,1),(3353,63,925,2),(3354,82,926,1),(3355,14,926,1),(3356,31,926,1),(3357,3,926,1),(3358,50,926,2),(3359,34,927,1),(3360,50,927,2),(3361,50,928,2),(3362,61,928,1),(3363,3,928,1),(3364,34,929,1),(3365,27,929,1),(3366,31,930,2),(3367,11,930,3),(3368,13,930,1),(3369,100,930,2),(3370,20,930,1),(3371,4,930,1),(3372,34,930,1),(3373,40,930,2),(3374,34,931,1),(3375,40,931,1),(3376,60,931,1),(3377,67,931,1),(3378,22,932,1),(3379,40,932,1),(3380,59,932,1),(3381,34,932,1),(3382,65,933,1),(3383,14,934,1),(3384,16,934,2),(3385,54,934,1),(3386,50,935,4),(3387,86,936,1),(3388,49,937,1),(3389,39,937,1),(3390,40,937,1),(3391,100,938,2),(3392,86,938,1),(3393,67,938,1),(3394,60,939,3),(3395,33,939,2),(3396,34,939,1),(3397,35,939,1),(3398,46,939,1),(3399,29,939,1),(3400,30,939,1),(3401,40,939,3),(3402,37,940,1),(3403,61,941,1),(3404,64,941,1),(3405,10,942,1),(3406,76,942,1),(3407,50,942,2),(3408,38,943,1),(3409,13,943,2),(3410,13,944,1),(3411,11,944,1),(3412,58,944,1),(3413,50,944,4),(3414,60,944,1),(3415,64,944,1),(3416,30,945,1),(3417,40,945,1),(3418,96,946,1),(3419,50,946,2),(3420,61,947,1),(3421,81,948,1),(3422,100,948,1),(3423,50,948,1),(3424,64,948,1),(3425,63,948,1),(3426,50,949,1),(3427,44,950,3),(3428,52,950,1),(3429,50,950,2),(3430,70,951,2),(3431,50,951,1),(3432,82,952,1),(3433,71,952,1),(3434,13,952,2),(3435,8,952,1),(3436,29,952,1),(3437,61,952,1),(3438,46,952,1),(3439,34,953,2),(3440,3,953,1),(3441,74,953,2),(3442,50,954,2),(3443,52,954,1),(3444,45,954,2),(3445,63,955,1),(3446,73,956,1),(3447,8,956,1),(3448,54,956,1),(3449,34,956,2),(3450,63,956,2),(3451,52,956,1),(3452,50,956,5),(3453,29,957,1),(3454,64,957,1),(3455,50,957,2),(3456,45,958,1),(3457,66,958,1),(3458,63,958,1),(3459,54,959,1),(3460,3,959,1),(3461,22,960,1),(3462,50,960,1),(3463,44,961,1),(3464,23,961,1),(3465,30,961,2),(3466,29,961,1),(3467,28,961,1),(3468,70,962,1),(3469,40,962,2),(3470,70,963,2),(3471,40,963,2),(3472,70,964,2),(3473,70,965,2),(3474,40,965,2),(3475,70,966,2),(3476,40,966,2),(3477,70,967,2),(3478,40,967,2),(3479,70,968,2),(3480,40,969,2),(3481,1,970,20),(3482,1,971,13),(3483,1,972,2);
/*!40000 ALTER TABLE `sale_item` ENABLE KEYS */;
UNLOCK TABLES;

--
-- Table structure for table `supplier`
--

DROP TABLE IF EXISTS `supplier`;
/*!40101 SET @saved_cs_client     = @@character_set_client */;
/*!40101 SET character_set_client = utf8 */;
CREATE TABLE `supplier` (
  `id` int(11) NOT NULL AUTO_INCREMENT,
  `name` varchar(255) COLLATE utf8mb4_unicode_ci NOT NULL,
  `email` varchar(255) COLLATE utf8mb4_unicode_ci DEFAULT NULL,
  PRIMARY KEY (`id`)
) ENGINE=InnoDB AUTO_INCREMENT=9 DEFAULT CHARSET=utf8mb4 COLLATE=utf8mb4_unicode_ci;
/*!40101 SET character_set_client = @saved_cs_client */;

--
-- Dumping data for table `supplier`
--

LOCK TABLES `supplier` WRITE;
/*!40000 ALTER TABLE `supplier` DISABLE KEYS */;
INSERT INTO `supplier` VALUES (1,'Fournisseur 1',NULL),(2,'Fournisseur 2',NULL),(3,'Fournisseur 3',NULL),(4,'Fournisseur 4',NULL),(5,'Fournisseur 5',NULL),(6,'Fournisseur 6',NULL),(7,'Fournisseur 7',NULL),(8,'Fournisseur 8',NULL);
/*!40000 ALTER TABLE `supplier` ENABLE KEYS */;
UNLOCK TABLES;
/*!40103 SET TIME_ZONE=@OLD_TIME_ZONE */;

/*!40101 SET SQL_MODE=@OLD_SQL_MODE */;
/*!40014 SET FOREIGN_KEY_CHECKS=@OLD_FOREIGN_KEY_CHECKS */;
/*!40014 SET UNIQUE_CHECKS=@OLD_UNIQUE_CHECKS */;
/*!40101 SET CHARACTER_SET_CLIENT=@OLD_CHARACTER_SET_CLIENT */;
/*!40101 SET CHARACTER_SET_RESULTS=@OLD_CHARACTER_SET_RESULTS */;
/*!40101 SET COLLATION_CONNECTION=@OLD_COLLATION_CONNECTION */;
/*!40111 SET SQL_NOTES=@OLD_SQL_NOTES */;

-- Dump completed on 2019-03-17 22:34:05
